[2026-10-04 07:26:05] local.ERROR: SQLSTATE[HY000]: General error: 1366 Incorrect integer value: 'AD' for column 'id' at row 1 (Connection: mysql, Host: 127.0.0.1, Port: 3306, Database: db_healthhome_2, SQL: insert into `countries` (`id`, `name`, `currency`, `currency_symbol`, `currency_code`, `iso_3166_2`, `iso_3166_3`, `calling_code`, `flag`) values (AD, Andorra, ?, €, EUR, AD, AND, 376, 🇦🇩)) {"exception":"[object] (Illuminate\\Database\\QueryException(code: HY000): SQLSTATE[HY000]: General error: 1366 Incorrect integer value: 'AD' for column 'id' at row 1 (Connection: mysql, Host: 127.0.0.1, Port: 3306, Database: db_healthhome_2, SQL: insert into `countries` (`id`, `name`, `currency`, `currency_symbol`, `currency_code`, `iso_3166_2`, `iso_3166_3`, `calling_code`, `flag`) values (AD, Andorra, ?, €, EUR, AD, AND, 376, 🇦🇩)) at C:/laragon/www/cuba-laravel/vendor/laravel/framework/src/Illuminate/Database/Connection.php:838)
[stacktrace]
#0 C:/laragon/www/cuba-laravel/vendor/laravel/framework/src/Illuminate/Database/Connection.php(794): Illuminate/Database/Connection->runQueryCallback('insert into `co...', Array, Object(Closure))
#1 C:/laragon/www/cuba-laravel/vendor/laravel/framework/src/Illuminate/Database/MySqlConnection.php(42): Illuminate/Database/Connection->run('insert into `co...', Array, Object(Closure))
#2 C:/laragon/www/cuba-laravel/vendor/laravel/framework/src/Illuminate/Database/Query/Builder.php(4121): Illuminate/Database/MySqlConnection->insert('insert into `co...', Array)
#3 C:/laragon/www/cuba-laravel/database/seeders/CountriesSeeder.php(21): Illuminate/Database/Query/Builder->insert(Array)
#4 C:/laragon/www/cuba-laravel/vendor/laravel/framework/src/Illuminate/Container/BoundMethod.php(36): Database/Seeders/CountriesSeeder->run()
#5 C:/laragon/www/cuba-laravel/vendor/laravel/framework/src/Illuminate/Container/Util.php(43): Illuminate/Container/BoundMethod::Illuminate/Container/{closure}()
#6 C:/laragon/www/cuba-laravel/vendor/laravel/framework/src/Illuminate/Container/BoundMethod.php(96): Illuminate/Container/Util::unwrapIfClosure(Object(Closure))
#7 C:/laragon/www/cuba-laravel/vendor/laravel/framework/src/Illuminate/Container/BoundMethod.php(35): Illuminate/Container/BoundMethod::callBoundMethod(Object(Illuminate/Foundation/Application), Array, Object(Closure))
#8 C:/laragon/www/cuba-laravel/vendor/laravel/framework/src/Illuminate/Container/Container.php(799): Illuminate/Container/BoundMethod::call(Object(Illuminate/Foundation/Application), Array, Array, NULL)
#9 C:/laragon/www/cuba-laravel/vendor/laravel/framework/src/Illuminate/Database/Seeder.php(184): Illuminate/Container/Container->call(Array, Array)
#10 C:/laragon/www/cuba-laravel/vendor/laravel/framework/src/Illuminate/Database/Seeder.php(193): Illuminate/Database/Seeder->Illuminate/Database/{closure}()
#11 C:/laragon/www/cuba-laravel/vendor/laravel/framework/src/Illuminate/Database/Seeder.php(59): Illuminate/Database/Seeder->__invoke(Array)
#12 C:/laragon/www/cuba-laravel/database/seeders/DatabaseSeeder.php(17): Illuminate/Database/Seeder->call('Database//Seeder...')
#13 C:/laragon/www/cuba-laravel/vendor/laravel/framework/src/Illuminate/Container/BoundMethod.php(36): Database/Seeders/DatabaseSeeder->run()
#14 C:/laragon/www/cuba-laravel/vendor/laravel/framework/src/Illuminate/Container/Util.php(43): Illuminate/Container/BoundMethod::Illuminate/Container/{closure}()
#15 C:/laragon/www/cuba-laravel/vendor/laravel/framework/src/Illuminate/Container/BoundMethod.php(96): Illuminate/Container/Util::unwrapIfClosure(Object(Closure))
#16 C:/laragon/www/cuba-laravel/vendor/laravel/framework/src/Illuminate/Container/BoundMethod.php(35): Illuminate/Container/BoundMethod::callBoundMethod(Object(Illuminate/Foundation/Application), Array, Object(Closure))
#17 C:/laragon/www/cuba-laravel/vendor/laravel/framework/src/Illuminate/Container/Container.php(799): Illuminate/Container/BoundMethod::call(Object(Illuminate/Foundation/Application), Array, Array, NULL)
#18 C:/laragon/www/cuba-laravel/vendor/laravel/framework/src/Illuminate/Database/Seeder.php(184): Illuminate/Container/Container->call(Array, Array)
#19 C:/laragon/www/cuba-laravel/vendor/laravel/framework/src/Illuminate/Database/Seeder.php(193): Illuminate/Database/Seeder->Illuminate/Database/{closure}()
#20 C:/laragon/www/cuba-laravel/vendor/laravel/framework/src/Illuminate/Database/Console/Seeds/SeedCommand.php(71): Illuminate/Database/Seeder->__invoke()
#21 C:/laragon/www/cuba-laravel/vendor/laravel/framework/src/Illuminate/Database/Eloquent/Concerns/GuardsAttributes.php(157): Illuminate/Database/Console/Seeds/SeedCommand->Illuminate/Database/Console/Seeds/{closure}()
#22 C:/laragon/www/cuba-laravel/vendor/laravel/framework/src/Illuminate/Database/Console/Seeds/SeedCommand.php(70): Illuminate/Database/Eloquent/Model::unguarded(Object(Closure))
#23 C:/laragon/www/cuba-laravel/vendor/laravel/framework/src/Illuminate/Container/BoundMethod.php(36): Illuminate/Database/Console/Seeds/SeedCommand->handle()
#24 C:/laragon/www/cuba-laravel/vendor/laravel/framework/src/Illuminate/Container/Util.php(43): Illuminate/Container/BoundMethod::Illuminate/Container/{closure}()
#25 C:/laragon/www/cuba-laravel/vendor/laravel/framework/src/Illuminate/Container/BoundMethod.php(96): Illuminate/Container/Util::unwrapIfClosure(Object(Closure))
#26 C:/laragon/www/cuba-laravel/vendor/laravel/framework/src/Illuminate/Container/BoundMethod.php(35): Illuminate/Container/BoundMethod::callBoundMethod(Object(Illuminate/Foundation/Application), Array, Object(Closure))
#27 C:/laragon/www/cuba-laravel/vendor/laravel/framework/src/Illuminate/Container/Container.php(799): Illuminate/Container/BoundMethod::call(Object(Illuminate/Foundation/Application), Array, Array, NULL)
#28 C:/laragon/www/cuba-laravel/vendor/laravel/framework/src/Illuminate/Console/Command.php(211): Illuminate/Container/Container->call(Array)
#29 C:/laragon/www/cuba-laravel/vendor/symfony/console/Command/Command.php(341): Illuminate/Console/Command->execute(Object(Symfony/Component/Console/Input/ArgvInput), Object(Illuminate/Console/OutputStyle))
#30 C:/laragon/www/cuba-laravel/vendor/laravel/framework/src/Illuminate/Console/Command.php(180): Symfony/Component/Console/Command/Command->run(Object(Symfony/Component/Console/Input/ArgvInput), Object(Illuminate/Console/OutputStyle))
#31 C:/laragon/www/cuba-laravel/vendor/symfony/console/Application.php(1117): Illuminate/Console/Command->run(Object(Symfony/Component/Console/Input/ArgvInput), Object(Symfony/Component/Console/Output/ConsoleOutput))
#32 C:/laragon/www/cuba-laravel/vendor/symfony/console/Application.php(356): Symfony/Component/Console/Application->doRunCommand(Object(Illuminate/Database/Console/Seeds/SeedCommand), Object(Symfony/Component/Console/Input/ArgvInput), Object(Symfony/Component/Console/Output/ConsoleOutput))
#33 C:/laragon/www/cuba-laravel/vendor/symfony/console/Application.php(195): Symfony/Component/Console/Application->doRun(Object(Symfony/Component/Console/Input/ArgvInput), Object(Symfony/Component/Console/Output/ConsoleOutput))
#34 C:/laragon/www/cuba-laravel/vendor/laravel/framework/src/Illuminate/Foundation/Console/Kernel.php(198): Symfony/Component/Console/Application->run(Object(Symfony/Component/Console/Input/ArgvInput), Object(Symfony/Component/Console/Output/ConsoleOutput))
#35 C:/laragon/www/cuba-laravel/vendor/laravel/framework/src/Illuminate/Foundation/Application.php(1235): Illuminate/Foundation/Console/Kernel->handle(Object(Symfony/Component/Console/Input/ArgvInput), Object(Symfony/Component/Console/Output/ConsoleOutput))
#36 C:/laragon/www/cuba-laravel/artisan(13): Illuminate/Foundation/Application->handleCommand(Object(Symfony/Component/Console/Input/ArgvInput))
#37 {main}

[previous exception] [object] (PDOException(code: HY000): SQLSTATE[HY000]: General error: 1366 Incorrect integer value: 'AD' for column 'id' at row 1 at C:/laragon/www/cuba-laravel/vendor/laravel/framework/src/Illuminate/Database/MySqlConnection.php:53)
[stacktrace]
#0 C:/laragon/www/cuba-laravel/vendor/laravel/framework/src/Illuminate/Database/MySqlConnection.php(53): PDOStatement->execute()
#1 C:/laragon/www/cuba-laravel/vendor/laravel/framework/src/Illuminate/Database/Connection.php(827): Illuminate/Database/MySqlConnection->Illuminate/Database/{closure}('insert into `co...', Array)
#2 C:/laragon/www/cuba-laravel/vendor/laravel/framework/src/Illuminate/Database/Connection.php(794): Illuminate/Database/Connection->runQueryCallback('insert into `co...', Array, Object(Closure))
#3 C:/laragon/www/cuba-laravel/vendor/laravel/framework/src/Illuminate/Database/MySqlConnection.php(42): Illuminate/Database/Connection->run('insert into `co...', Array, Object(Closure))
#4 C:/laragon/www/cuba-laravel/vendor/laravel/framework/src/Illuminate/Database/Query/Builder.php(4121): Illuminate/Database/MySqlConnection->insert('insert into `co...', Array)
#5 C:/laragon/www/cuba-laravel/database/seeders/CountriesSeeder.php(21): Illuminate/Database/Query/Builder->insert(Array)
#6 C:/laragon/www/cuba-laravel/vendor/laravel/framework/src/Illuminate/Container/BoundMethod.php(36): Database/Seeders/CountriesSeeder->run()
#7 C:/laragon/www/cuba-laravel/vendor/laravel/framework/src/Illuminate/Container/Util.php(43): Illuminate/Container/BoundMethod::Illuminate/Container/{closure}()
#8 C:/laragon/www/cuba-laravel/vendor/laravel/framework/src/Illuminate/Container/BoundMethod.php(96): Illuminate/Container/Util::unwrapIfClosure(Object(Closure))
#9 C:/laragon/www/cuba-laravel/vendor/laravel/framework/src/Illuminate/Container/BoundMethod.php(35): Illuminate/Container/BoundMethod::callBoundMethod(Object(Illuminate/Foundation/Application), Array, Object(Closure))
#10 C:/laragon/www/cuba-laravel/vendor/laravel/framework/src/Illuminate/Container/Container.php(799): Illuminate/Container/BoundMethod::call(Object(Illuminate/Foundation/Application), Array, Array, NULL)
#11 C:/laragon/www/cuba-laravel/vendor/laravel/framework/src/Illuminate/Database/Seeder.php(184): Illuminate/Container/Container->call(Array, Array)
#12 C:/laragon/www/cuba-laravel/vendor/laravel/framework/src/Illuminate/Database/Seeder.php(193): Illuminate/Database/Seeder->Illuminate/Database/{closure}()
#13 C:/laragon/www/cuba-laravel/vendor/laravel/framework/src/Illuminate/Database/Seeder.php(59): Illuminate/Database/Seeder->__invoke(Array)
#14 C:/laragon/www/cuba-laravel/database/seeders/DatabaseSeeder.php(17): Illuminate/Database/Seeder->call('Database//Seeder...')
#15 C:/laragon/www/cuba-laravel/vendor/laravel/framework/src/Illuminate/Container/BoundMethod.php(36): Database/Seeders/DatabaseSeeder->run()
#16 C:/laragon/www/cuba-laravel/vendor/laravel/framework/src/Illuminate/Container/Util.php(43): Illuminate/Container/BoundMethod::Illuminate/Container/{closure}()
#17 C:/laragon/www/cuba-laravel/vendor/laravel/framework/src/Illuminate/Container/BoundMethod.php(96): Illuminate/Container/Util::unwrapIfClosure(Object(Closure))
#18 C:/laragon/www/cuba-laravel/vendor/laravel/framework/src/Illuminate/Container/BoundMethod.php(35): Illuminate/Container/BoundMethod::callBoundMethod(Object(Illuminate/Foundation/Application), Array, Object(Closure))
#19 C:/laragon/www/cuba-laravel/vendor/laravel/framework/src/Illuminate/Container/Container.php(799): Illuminate/Container/BoundMethod::call(Object(Illuminate/Foundation/Application), Array, Array, NULL)
#20 C:/laragon/www/cuba-laravel/vendor/laravel/framework/src/Illuminate/Database/Seeder.php(184): Illuminate/Container/Container->call(Array, Array)
#21 C:/laragon/www/cuba-laravel/vendor/laravel/framework/src/Illuminate/Database/Seeder.php(193): Illuminate/Database/Seeder->Illuminate/Database/{closure}()
#22 C:/laragon/www/cuba-laravel/vendor/laravel/framework/src/Illuminate/Database/Console/Seeds/SeedCommand.php(71): Illuminate/Database/Seeder->__invoke()
#23 C:/laragon/www/cuba-laravel/vendor/laravel/framework/src/Illuminate/Database/Eloquent/Concerns/GuardsAttributes.php(157): Illuminate/Database/Console/Seeds/SeedCommand->Illuminate/Database/Console/Seeds/{closure}()
#24 C:/laragon/www/cuba-laravel/vendor/laravel/framework/src/Illuminate/Database/Console/Seeds/SeedCommand.php(70): Illuminate/Database/Eloquent/Model::unguarded(Object(Closure))
#25 C:/laragon/www/cuba-laravel/vendor/laravel/framework/src/Illuminate/Container/BoundMethod.php(36): Illuminate/Database/Console/Seeds/SeedCommand->handle()
#26 C:/laragon/www/cuba-laravel/vendor/laravel/framework/src/Illuminate/Container/Util.php(43): Illuminate/Container/BoundMethod::Illuminate/Container/{closure}()
#27 C:/laragon/www/cuba-laravel/vendor/laravel/framework/src/Illuminate/Container/BoundMethod.php(96): Illuminate/Container/Util::unwrapIfClosure(Object(Closure))
#28 C:/laragon/www/cuba-laravel/vendor/laravel/framework/src/Illuminate/Container/BoundMethod.php(35): Illuminate/Container/BoundMethod::callBoundMethod(Object(Illuminate/Foundation/Application), Array, Object(Closure))
#29 C:/laragon/www/cuba-laravel/vendor/laravel/framework/src/Illuminate/Container/Container.php(799): Illuminate/Container/BoundMethod::call(Object(Illuminate/Foundation/Application), Array, Array, NULL)
#30 C:/laragon/www/cuba-laravel/vendor/laravel/framework/src/Illuminate/Console/Command.php(211): Illuminate/Container/Container->call(Array)
#31 C:/laragon/www/cuba-laravel/vendor/symfony/console/Command/Command.php(341): Illuminate/Console/Command->execute(Object(Symfony/Component/Console/Input/ArgvInput), Object(Illuminate/Console/OutputStyle))
#32 C:/laragon/www/cuba-laravel/vendor/laravel/framework/src/Illuminate/Console/Command.php(180): Symfony/Component/Console/Command/Command->run(Object(Symfony/Component/Console/Input/ArgvInput), Object(Illuminate/Console/OutputStyle))
#33 C:/laragon/www/cuba-laravel/vendor/symfony/console/Application.php(1117): Illuminate/Console/Command->run(Object(Symfony/Component/Console/Input/ArgvInput), Object(Symfony/Component/Console/Output/ConsoleOutput))
#34 C:/laragon/www/cuba-laravel/vendor/symfony/console/Application.php(356): Symfony/Component/Console/Application->doRunCommand(Object(Illuminate/Database/Console/Seeds/SeedCommand), Object(Symfony/Component/Console/Input/ArgvInput), Object(Symfony/Component/Console/Output/ConsoleOutput))
#35 C:/laragon/www/cuba-laravel/vendor/symfony/console/Application.php(195): Symfony/Component/Console/Application->doRun(Object(Symfony/Component/Console/Input/ArgvInput), Object(Symfony/Component/Console/Output/ConsoleOutput))
#36 C:/laragon/www/cuba-laravel/vendor/laravel/framework/src/Illuminate/Foundation/Console/Kernel.php(198): Symfony/Component/Console/Application->run(Object(Symfony/Component/Console/Input/ArgvInput), Object(Symfony/Component/Console/Output/ConsoleOutput))
#37 C:/laragon/www/cuba-laravel/vendor/laravel/framework/src/Illuminate/Foundation/Application.php(1235): Illuminate/Foundation/Console/Kernel->handle(Object(Symfony/Component/Console/Input/ArgvInput), Object(Symfony/Component/Console/Output/ConsoleOutput))
#38 C:/laragon/www/cuba-laravel/artisan(13): Illuminate/Foundation/Application->handleCommand(Object(Symfony/Component/Console/Input/ArgvInput))
#39 {main}
"} 
[2026-10-04 07:27:32] local.ERROR: A role `admin` already exists for guard `web`. {"exception":"[object] (Spatie\\Permission\\Exceptions\\RoleAlreadyExists(code: 0): A role `admin` already exists for guard `web`. at C:/laragon/www/cuba-laravel/vendor/spatie/laravel-permission/src/Exceptions/RoleAlreadyExists.php:11)
[stacktrace]
#0 C:/laragon/www/cuba-laravel/vendor/spatie/laravel-permission/src/Models/Role.php(64): Spatie/Permission/Exceptions/RoleAlreadyExists::create('admin', 'web')
#1 C:/laragon/www/cuba-laravel/database/seeders/RoleSeeder.php(180): Spatie/Permission/Models/Role::create(Array)
#2 C:/laragon/www/cuba-laravel/vendor/laravel/framework/src/Illuminate/Container/BoundMethod.php(36): Database/Seeders/RoleSeeder->run()
#3 C:/laragon/www/cuba-laravel/vendor/laravel/framework/src/Illuminate/Container/Util.php(43): Illuminate/Container/BoundMethod::Illuminate/Container/{closure}()
#4 C:/laragon/www/cuba-laravel/vendor/laravel/framework/src/Illuminate/Container/BoundMethod.php(96): Illuminate/Container/Util::unwrapIfClosure(Object(Closure))
#5 C:/laragon/www/cuba-laravel/vendor/laravel/framework/src/Illuminate/Container/BoundMethod.php(35): Illuminate/Container/BoundMethod::callBoundMethod(Object(Illuminate/Foundation/Application), Array, Object(Closure))
#6 C:/laragon/www/cuba-laravel/vendor/laravel/framework/src/Illuminate/Container/Container.php(799): Illuminate/Container/BoundMethod::call(Object(Illuminate/Foundation/Application), Array, Array, NULL)
#7 C:/laragon/www/cuba-laravel/vendor/laravel/framework/src/Illuminate/Database/Seeder.php(184): Illuminate/Container/Container->call(Array, Array)
#8 C:/laragon/www/cuba-laravel/vendor/laravel/framework/src/Illuminate/Database/Seeder.php(193): Illuminate/Database/Seeder->Illuminate/Database/{closure}()
#9 C:/laragon/www/cuba-laravel/vendor/laravel/framework/src/Illuminate/Database/Seeder.php(59): Illuminate/Database/Seeder->__invoke(Array)
#10 C:/laragon/www/cuba-laravel/database/seeders/DatabaseSeeder.php(16): Illuminate/Database/Seeder->call('Database//Seeder...')
#11 C:/laragon/www/cuba-laravel/vendor/laravel/framework/src/Illuminate/Container/BoundMethod.php(36): Database/Seeders/DatabaseSeeder->run()
#12 C:/laragon/www/cuba-laravel/vendor/laravel/framework/src/Illuminate/Container/Util.php(43): Illuminate/Container/BoundMethod::Illuminate/Container/{closure}()
#13 C:/laragon/www/cuba-laravel/vendor/laravel/framework/src/Illuminate/Container/BoundMethod.php(96): Illuminate/Container/Util::unwrapIfClosure(Object(Closure))
#14 C:/laragon/www/cuba-laravel/vendor/laravel/framework/src/Illuminate/Container/BoundMethod.php(35): Illuminate/Container/BoundMethod::callBoundMethod(Object(Illuminate/Foundation/Application), Array, Object(Closure))
#15 C:/laragon/www/cuba-laravel/vendor/laravel/framework/src/Illuminate/Container/Container.php(799): Illuminate/Container/BoundMethod::call(Object(Illuminate/Foundation/Application), Array, Array, NULL)
#16 C:/laragon/www/cuba-laravel/vendor/laravel/framework/src/Illuminate/Database/Seeder.php(184): Illuminate/Container/Container->call(Array, Array)
#17 C:/laragon/www/cuba-laravel/vendor/laravel/framework/src/Illuminate/Database/Seeder.php(193): Illuminate/Database/Seeder->Illuminate/Database/{closure}()
#18 C:/laragon/www/cuba-laravel/vendor/laravel/framework/src/Illuminate/Database/Console/Seeds/SeedCommand.php(71): Illuminate/Database/Seeder->__invoke()
#19 C:/laragon/www/cuba-laravel/vendor/laravel/framework/src/Illuminate/Database/Eloquent/Concerns/GuardsAttributes.php(157): Illuminate/Database/Console/Seeds/SeedCommand->Illuminate/Database/Console/Seeds/{closure}()
#20 C:/laragon/www/cuba-laravel/vendor/laravel/framework/src/Illuminate/Database/Console/Seeds/SeedCommand.php(70): Illuminate/Database/Eloquent/Model::unguarded(Object(Closure))
#21 C:/laragon/www/cuba-laravel/vendor/laravel/framework/src/Illuminate/Container/BoundMethod.php(36): Illuminate/Database/Console/Seeds/SeedCommand->handle()
#22 C:/laragon/www/cuba-laravel/vendor/laravel/framework/src/Illuminate/Container/Util.php(43): Illuminate/Container/BoundMethod::Illuminate/Container/{closure}()
#23 C:/laragon/www/cuba-laravel/vendor/laravel/framework/src/Illuminate/Container/BoundMethod.php(96): Illuminate/Container/Util::unwrapIfClosure(Object(Closure))
#24 C:/laragon/www/cuba-laravel/vendor/laravel/framework/src/Illuminate/Container/BoundMethod.php(35): Illuminate/Container/BoundMethod::callBoundMethod(Object(Illuminate/Foundation/Application), Array, Object(Closure))
#25 C:/laragon/www/cuba-laravel/vendor/laravel/framework/src/Illuminate/Container/Container.php(799): Illuminate/Container/BoundMethod::call(Object(Illuminate/Foundation/Application), Array, Array, NULL)
#26 C:/laragon/www/cuba-laravel/vendor/laravel/framework/src/Illuminate/Console/Command.php(211): Illuminate/Container/Container->call(Array)
#27 C:/laragon/www/cuba-laravel/vendor/symfony/console/Command/Command.php(341): Illuminate/Console/Command->execute(Object(Symfony/Component/Console/Input/ArgvInput), Object(Illuminate/Console/OutputStyle))
#28 C:/laragon/www/cuba-laravel/vendor/laravel/framework/src/Illuminate/Console/Command.php(180): Symfony/Component/Console/Command/Command->run(Object(Symfony/Component/Console/Input/ArgvInput), Object(Illuminate/Console/OutputStyle))
#29 C:/laragon/www/cuba-laravel/vendor/symfony/console/Application.php(1117): Illuminate/Console/Command->run(Object(Symfony/Component/Console/Input/ArgvInput), Object(Symfony/Component/Console/Output/ConsoleOutput))
#30 C:/laragon/www/cuba-laravel/vendor/symfony/console/Application.php(356): Symfony/Component/Console/Application->doRunCommand(Object(Illuminate/Database/Console/Seeds/SeedCommand), Object(Symfony/Component/Console/Input/ArgvInput), Object(Symfony/Component/Console/Output/ConsoleOutput))
#31 C:/laragon/www/cuba-laravel/vendor/symfony/console/Application.php(195): Symfony/Component/Console/Application->doRun(Object(Symfony/Component/Console/Input/ArgvInput), Object(Symfony/Component/Console/Output/ConsoleOutput))
#32 C:/laragon/www/cuba-laravel/vendor/laravel/framework/src/Illuminate/Foundation/Console/Kernel.php(198): Symfony/Component/Console/Application->run(Object(Symfony/Component/Console/Input/ArgvInput), Object(Symfony/Component/Console/Output/ConsoleOutput))
#33 C:/laragon/www/cuba-laravel/vendor/laravel/framework/src/Illuminate/Foundation/Application.php(1235): Illuminate/Foundation/Console/Kernel->handle(Object(Symfony/Component/Console/Input/ArgvInput), Object(Symfony/Component/Console/Output/ConsoleOutput))
#34 C:/laragon/www/cuba-laravel/artisan(13): Illuminate/Foundation/Application->handleCommand(Object(Symfony/Component/Console/Input/ArgvInput))
#35 {main}
"} 
[2026-10-04 07:28:16] local.ERROR: SQLSTATE[HY000]: General error: 3730 Cannot drop table 'countries' referenced by a foreign key constraint 'states_country_id_foreign' on table 'states'. (Connection: mysql, Host: 127.0.0.1, Port: 3306, Database: db_healthhome_2, SQL: drop table if exists `countries`) {"exception":"[object] (Illuminate\\Database\\QueryException(code: HY000): SQLSTATE[HY000]: General error: 3730 Cannot drop table 'countries' referenced by a foreign key constraint 'states_country_id_foreign' on table 'states'. (Connection: mysql, Host: 127.0.0.1, Port: 3306, Database: db_healthhome_2, SQL: drop table if exists `countries`) at C:/laragon/www/cuba-laravel/vendor/laravel/framework/src/Illuminate/Database/Connection.php:838)
[stacktrace]
#0 C:/laragon/www/cuba-laravel/vendor/laravel/framework/src/Illuminate/Database/Connection.php(794): Illuminate/Database/Connection->runQueryCallback('drop table if e...', Array, Object(Closure))
#1 C:/laragon/www/cuba-laravel/vendor/laravel/framework/src/Illuminate/Database/Connection.php(573): Illuminate/Database/Connection->run('drop table if e...', Array, Object(Closure))
#2 C:/laragon/www/cuba-laravel/vendor/laravel/framework/src/Illuminate/Database/Schema/Blueprint.php(121): Illuminate/Database/Connection->statement('drop table if e...')
#3 C:/laragon/www/cuba-laravel/vendor/laravel/framework/src/Illuminate/Database/Schema/Builder.php(686): Illuminate/Database/Schema/Blueprint->build()
#4 C:/laragon/www/cuba-laravel/vendor/laravel/framework/src/Illuminate/Database/Schema/Builder.php(534): Illuminate/Database/Schema/Builder->build(Object(Illuminate/Database/Schema/Blueprint))
#5 C:/laragon/www/cuba-laravel/vendor/laravel/framework/src/Illuminate/Support/Facades/Facade.php(363): Illuminate/Database/Schema/Builder->dropIfExists('countries')
#6 C:/laragon/www/cuba-laravel/database/migrations/2024_07_30_090244_setup_countries_table.php(47): Illuminate/Support/Facades/Facade::__callStatic('dropIfExists', Array)
#7 C:/laragon/www/cuba-laravel/vendor/laravel/framework/src/Illuminate/Database/Migrations/Migrator.php(517): SetupCountriesTable->down()
#8 C:/laragon/www/cuba-laravel/vendor/laravel/framework/src/Illuminate/Database/Migrations/Migrator.php(442): Illuminate/Database/Migrations/Migrator->runMethod(Object(Illuminate/Database/MySqlConnection), Object(SetupCountriesTable), 'down')
#9 C:/laragon/www/cuba-laravel/vendor/laravel/framework/src/Illuminate/Database/Migrations/Migrator.php(451): Illuminate/Database/Migrations/Migrator->Illuminate/Database/Migrations/{closure}()
#10 C:/laragon/www/cuba-laravel/vendor/laravel/framework/src/Illuminate/Database/Migrations/Migrator.php(417): Illuminate/Database/Migrations/Migrator->runMigration(Object(SetupCountriesTable), 'down')
#11 C:/laragon/www/cuba-laravel/vendor/laravel/framework/src/Illuminate/Console/View/Components/Task.php(41): Illuminate/Database/Migrations/Migrator->Illuminate/Database/Migrations/{closure}()
#12 C:/laragon/www/cuba-laravel/vendor/laravel/framework/src/Illuminate/Database/Migrations/Migrator.php(814): Illuminate/Console/View/Components/Task->render('2024_07_30_0902...', Object(Closure))
#13 C:/laragon/www/cuba-laravel/vendor/laravel/framework/src/Illuminate/Database/Migrations/Migrator.php(417): Illuminate/Database/Migrations/Migrator->write('Illuminate//Cons...', '2024_07_30_0902...', Object(Closure))
#14 C:/laragon/www/cuba-laravel/vendor/laravel/framework/src/Illuminate/Database/Migrations/Migrator.php(340): Illuminate/Database/Migrations/Migrator->runDown('C://laragon//www//...', Object(stdClass), false)
#15 C:/laragon/www/cuba-laravel/vendor/laravel/framework/src/Illuminate/Database/Migrations/Migrator.php(284): Illuminate/Database/Migrations/Migrator->rollbackMigrations(Array, Array, Array)
#16 C:/laragon/www/cuba-laravel/vendor/laravel/framework/src/Illuminate/Database/Console/Migrations/RollbackCommand.php(63): Illuminate/Database/Migrations/Migrator->rollback(Array, Array)
#17 C:/laragon/www/cuba-laravel/vendor/laravel/framework/src/Illuminate/Database/Migrations/Migrator.php(671): Illuminate/Database/Console/Migrations/RollbackCommand->Illuminate/Database/Console/Migrations/{closure}()
#18 C:/laragon/www/cuba-laravel/vendor/laravel/framework/src/Illuminate/Database/Console/Migrations/RollbackCommand.php(62): Illuminate/Database/Migrations/Migrator->usingConnection(NULL, Object(Closure))
#19 C:/laragon/www/cuba-laravel/vendor/laravel/framework/src/Illuminate/Container/BoundMethod.php(36): Illuminate/Database/Console/Migrations/RollbackCommand->handle()
#20 C:/laragon/www/cuba-laravel/vendor/laravel/framework/src/Illuminate/Container/Util.php(43): Illuminate/Container/BoundMethod::Illuminate/Container/{closure}()
#21 C:/laragon/www/cuba-laravel/vendor/laravel/framework/src/Illuminate/Container/BoundMethod.php(96): Illuminate/Container/Util::unwrapIfClosure(Object(Closure))
#22 C:/laragon/www/cuba-laravel/vendor/laravel/framework/src/Illuminate/Container/BoundMethod.php(35): Illuminate/Container/BoundMethod::callBoundMethod(Object(Illuminate/Foundation/Application), Array, Object(Closure))
#23 C:/laragon/www/cuba-laravel/vendor/laravel/framework/src/Illuminate/Container/Container.php(799): Illuminate/Container/BoundMethod::call(Object(Illuminate/Foundation/Application), Array, Array, NULL)
#24 C:/laragon/www/cuba-laravel/vendor/laravel/framework/src/Illuminate/Console/Command.php(211): Illuminate/Container/Container->call(Array)
#25 C:/laragon/www/cuba-laravel/vendor/symfony/console/Command/Command.php(341): Illuminate/Console/Command->execute(Object(Symfony/Component/Console/Input/ArgvInput), Object(Illuminate/Console/OutputStyle))
#26 C:/laragon/www/cuba-laravel/vendor/laravel/framework/src/Illuminate/Console/Command.php(180): Symfony/Component/Console/Command/Command->run(Object(Symfony/Component/Console/Input/ArgvInput), Object(Illuminate/Console/OutputStyle))
#27 C:/laragon/www/cuba-laravel/vendor/symfony/console/Application.php(1117): Illuminate/Console/Command->run(Object(Symfony/Component/Console/Input/ArgvInput), Object(Symfony/Component/Console/Output/ConsoleOutput))
#28 C:/laragon/www/cuba-laravel/vendor/symfony/console/Application.php(356): Symfony/Component/Console/Application->doRunCommand(Object(Illuminate/Database/Console/Migrations/RollbackCommand), Object(Symfony/Component/Console/Input/ArgvInput), Object(Symfony/Component/Console/Output/ConsoleOutput))
#29 C:/laragon/www/cuba-laravel/vendor/symfony/console/Application.php(195): Symfony/Component/Console/Application->doRun(Object(Symfony/Component/Console/Input/ArgvInput), Object(Symfony/Component/Console/Output/ConsoleOutput))
#30 C:/laragon/www/cuba-laravel/vendor/laravel/framework/src/Illuminate/Foundation/Console/Kernel.php(198): Symfony/Component/Console/Application->run(Object(Symfony/Component/Console/Input/ArgvInput), Object(Symfony/Component/Console/Output/ConsoleOutput))
#31 C:/laragon/www/cuba-laravel/vendor/laravel/framework/src/Illuminate/Foundation/Application.php(1235): Illuminate/Foundation/Console/Kernel->handle(Object(Symfony/Component/Console/Input/ArgvInput), Object(Symfony/Component/Console/Output/ConsoleOutput))
#32 C:/laragon/www/cuba-laravel/artisan(13): Illuminate/Foundation/Application->handleCommand(Object(Symfony/Component/Console/Input/ArgvInput))
#33 {main}

[previous exception] [object] (PDOException(code: HY000): SQLSTATE[HY000]: General error: 3730 Cannot drop table 'countries' referenced by a foreign key constraint 'states_country_id_foreign' on table 'states'. at C:/laragon/www/cuba-laravel/vendor/laravel/framework/src/Illuminate/Database/Connection.php:584)
[stacktrace]
#0 C:/laragon/www/cuba-laravel/vendor/laravel/framework/src/Illuminate/Database/Connection.php(584): PDOStatement->execute()
#1 C:/laragon/www/cuba-laravel/vendor/laravel/framework/src/Illuminate/Database/Connection.php(827): Illuminate/Database/Connection->Illuminate/Database/{closure}('drop table if e...', Array)
#2 C:/laragon/www/cuba-laravel/vendor/laravel/framework/src/Illuminate/Database/Connection.php(794): Illuminate/Database/Connection->runQueryCallback('drop table if e...', Array, Object(Closure))
#3 C:/laragon/www/cuba-laravel/vendor/laravel/framework/src/Illuminate/Database/Connection.php(573): Illuminate/Database/Connection->run('drop table if e...', Array, Object(Closure))
#4 C:/laragon/www/cuba-laravel/vendor/laravel/framework/src/Illuminate/Database/Schema/Blueprint.php(121): Illuminate/Database/Connection->statement('drop table if e...')
#5 C:/laragon/www/cuba-laravel/vendor/laravel/framework/src/Illuminate/Database/Schema/Builder.php(686): Illuminate/Database/Schema/Blueprint->build()
#6 C:/laragon/www/cuba-laravel/vendor/laravel/framework/src/Illuminate/Database/Schema/Builder.php(534): Illuminate/Database/Schema/Builder->build(Object(Illuminate/Database/Schema/Blueprint))
#7 C:/laragon/www/cuba-laravel/vendor/laravel/framework/src/Illuminate/Support/Facades/Facade.php(363): Illuminate/Database/Schema/Builder->dropIfExists('countries')
#8 C:/laragon/www/cuba-laravel/database/migrations/2024_07_30_090244_setup_countries_table.php(47): Illuminate/Support/Facades/Facade::__callStatic('dropIfExists', Array)
#9 C:/laragon/www/cuba-laravel/vendor/laravel/framework/src/Illuminate/Database/Migrations/Migrator.php(517): SetupCountriesTable->down()
#10 C:/laragon/www/cuba-laravel/vendor/laravel/framework/src/Illuminate/Database/Migrations/Migrator.php(442): Illuminate/Database/Migrations/Migrator->runMethod(Object(Illuminate/Database/MySqlConnection), Object(SetupCountriesTable), 'down')
#11 C:/laragon/www/cuba-laravel/vendor/laravel/framework/src/Illuminate/Database/Migrations/Migrator.php(451): Illuminate/Database/Migrations/Migrator->Illuminate/Database/Migrations/{closure}()
#12 C:/laragon/www/cuba-laravel/vendor/laravel/framework/src/Illuminate/Database/Migrations/Migrator.php(417): Illuminate/Database/Migrations/Migrator->runMigration(Object(SetupCountriesTable), 'down')
#13 C:/laragon/www/cuba-laravel/vendor/laravel/framework/src/Illuminate/Console/View/Components/Task.php(41): Illuminate/Database/Migrations/Migrator->Illuminate/Database/Migrations/{closure}()
#14 C:/laragon/www/cuba-laravel/vendor/laravel/framework/src/Illuminate/Database/Migrations/Migrator.php(814): Illuminate/Console/View/Components/Task->render('2024_07_30_0902...', Object(Closure))
#15 C:/laragon/www/cuba-laravel/vendor/laravel/framework/src/Illuminate/Database/Migrations/Migrator.php(417): Illuminate/Database/Migrations/Migrator->write('Illuminate//Cons...', '2024_07_30_0902...', Object(Closure))
#16 C:/laragon/www/cuba-laravel/vendor/laravel/framework/src/Illuminate/Database/Migrations/Migrator.php(340): Illuminate/Database/Migrations/Migrator->runDown('C://laragon//www//...', Object(stdClass), false)
#17 C:/laragon/www/cuba-laravel/vendor/laravel/framework/src/Illuminate/Database/Migrations/Migrator.php(284): Illuminate/Database/Migrations/Migrator->rollbackMigrations(Array, Array, Array)
#18 C:/laragon/www/cuba-laravel/vendor/laravel/framework/src/Illuminate/Database/Console/Migrations/RollbackCommand.php(63): Illuminate/Database/Migrations/Migrator->rollback(Array, Array)
#19 C:/laragon/www/cuba-laravel/vendor/laravel/framework/src/Illuminate/Database/Migrations/Migrator.php(671): Illuminate/Database/Console/Migrations/RollbackCommand->Illuminate/Database/Console/Migrations/{closure}()
#20 C:/laragon/www/cuba-laravel/vendor/laravel/framework/src/Illuminate/Database/Console/Migrations/RollbackCommand.php(62): Illuminate/Database/Migrations/Migrator->usingConnection(NULL, Object(Closure))
#21 C:/laragon/www/cuba-laravel/vendor/laravel/framework/src/Illuminate/Container/BoundMethod.php(36): Illuminate/Database/Console/Migrations/RollbackCommand->handle()
#22 C:/laragon/www/cuba-laravel/vendor/laravel/framework/src/Illuminate/Container/Util.php(43): Illuminate/Container/BoundMethod::Illuminate/Container/{closure}()
#23 C:/laragon/www/cuba-laravel/vendor/laravel/framework/src/Illuminate/Container/BoundMethod.php(96): Illuminate/Container/Util::unwrapIfClosure(Object(Closure))
#24 C:/laragon/www/cuba-laravel/vendor/laravel/framework/src/Illuminate/Container/BoundMethod.php(35): Illuminate/Container/BoundMethod::callBoundMethod(Object(Illuminate/Foundation/Application), Array, Object(Closure))
#25 C:/laragon/www/cuba-laravel/vendor/laravel/framework/src/Illuminate/Container/Container.php(799): Illuminate/Container/BoundMethod::call(Object(Illuminate/Foundation/Application), Array, Array, NULL)
#26 C:/laragon/www/cuba-laravel/vendor/laravel/framework/src/Illuminate/Console/Command.php(211): Illuminate/Container/Container->call(Array)
#27 C:/laragon/www/cuba-laravel/vendor/symfony/console/Command/Command.php(341): Illuminate/Console/Command->execute(Object(Symfony/Component/Console/Input/ArgvInput), Object(Illuminate/Console/OutputStyle))
#28 C:/laragon/www/cuba-laravel/vendor/laravel/framework/src/Illuminate/Console/Command.php(180): Symfony/Component/Console/Command/Command->run(Object(Symfony/Component/Console/Input/ArgvInput), Object(Illuminate/Console/OutputStyle))
#29 C:/laragon/www/cuba-laravel/vendor/symfony/console/Application.php(1117): Illuminate/Console/Command->run(Object(Symfony/Component/Console/Input/ArgvInput), Object(Symfony/Component/Console/Output/ConsoleOutput))
#30 C:/laragon/www/cuba-laravel/vendor/symfony/console/Application.php(356): Symfony/Component/Console/Application->doRunCommand(Object(Illuminate/Database/Console/Migrations/RollbackCommand), Object(Symfony/Component/Console/Input/ArgvInput), Object(Symfony/Component/Console/Output/ConsoleOutput))
#31 C:/laragon/www/cuba-laravel/vendor/symfony/console/Application.php(195): Symfony/Component/Console/Application->doRun(Object(Symfony/Component/Console/Input/ArgvInput), Object(Symfony/Component/Console/Output/ConsoleOutput))
#32 C:/laragon/www/cuba-laravel/vendor/laravel/framework/src/Illuminate/Foundation/Console/Kernel.php(198): Symfony/Component/Console/Application->run(Object(Symfony/Component/Console/Input/ArgvInput), Object(Symfony/Component/Console/Output/ConsoleOutput))
#33 C:/laragon/www/cuba-laravel/vendor/laravel/framework/src/Illuminate/Foundation/Application.php(1235): Illuminate/Foundation/Console/Kernel->handle(Object(Symfony/Component/Console/Input/ArgvInput), Object(Symfony/Component/Console/Output/ConsoleOutput))
#34 C:/laragon/www/cuba-laravel/artisan(13): Illuminate/Foundation/Application->handleCommand(Object(Symfony/Component/Console/Input/ArgvInput))
#35 {main}
"} 
[2026-10-04 07:28:32] local.ERROR: SQLSTATE[HY000]: General error: 3730 Cannot drop table 'countries' referenced by a foreign key constraint 'states_country_id_foreign' on table 'states'. (Connection: mysql, Host: 127.0.0.1, Port: 3306, Database: db_healthhome_2, SQL: drop table if exists `countries`) {"exception":"[object] (Illuminate\\Database\\QueryException(code: HY000): SQLSTATE[HY000]: General error: 3730 Cannot drop table 'countries' referenced by a foreign key constraint 'states_country_id_foreign' on table 'states'. (Connection: mysql, Host: 127.0.0.1, Port: 3306, Database: db_healthhome_2, SQL: drop table if exists `countries`) at C:/laragon/www/cuba-laravel/vendor/laravel/framework/src/Illuminate/Database/Connection.php:838)
[stacktrace]
#0 C:/laragon/www/cuba-laravel/vendor/laravel/framework/src/Illuminate/Database/Connection.php(794): Illuminate/Database/Connection->runQueryCallback('drop table if e...', Array, Object(Closure))
#1 C:/laragon/www/cuba-laravel/vendor/laravel/framework/src/Illuminate/Database/Connection.php(573): Illuminate/Database/Connection->run('drop table if e...', Array, Object(Closure))
#2 C:/laragon/www/cuba-laravel/vendor/laravel/framework/src/Illuminate/Database/Schema/Blueprint.php(121): Illuminate/Database/Connection->statement('drop table if e...')
#3 C:/laragon/www/cuba-laravel/vendor/laravel/framework/src/Illuminate/Database/Schema/Builder.php(686): Illuminate/Database/Schema/Blueprint->build()
#4 C:/laragon/www/cuba-laravel/vendor/laravel/framework/src/Illuminate/Database/Schema/Builder.php(534): Illuminate/Database/Schema/Builder->build(Object(Illuminate/Database/Schema/Blueprint))
#5 C:/laragon/www/cuba-laravel/vendor/laravel/framework/src/Illuminate/Support/Facades/Facade.php(363): Illuminate/Database/Schema/Builder->dropIfExists('countries')
#6 C:/laragon/www/cuba-laravel/database/migrations/2024_07_30_090244_setup_countries_table.php(47): Illuminate/Support/Facades/Facade::__callStatic('dropIfExists', Array)
#7 C:/laragon/www/cuba-laravel/vendor/laravel/framework/src/Illuminate/Database/Migrations/Migrator.php(517): SetupCountriesTable->down()
#8 C:/laragon/www/cuba-laravel/vendor/laravel/framework/src/Illuminate/Database/Migrations/Migrator.php(442): Illuminate/Database/Migrations/Migrator->runMethod(Object(Illuminate/Database/MySqlConnection), Object(SetupCountriesTable), 'down')
#9 C:/laragon/www/cuba-laravel/vendor/laravel/framework/src/Illuminate/Database/Migrations/Migrator.php(451): Illuminate/Database/Migrations/Migrator->Illuminate/Database/Migrations/{closure}()
#10 C:/laragon/www/cuba-laravel/vendor/laravel/framework/src/Illuminate/Database/Migrations/Migrator.php(417): Illuminate/Database/Migrations/Migrator->runMigration(Object(SetupCountriesTable), 'down')
#11 C:/laragon/www/cuba-laravel/vendor/laravel/framework/src/Illuminate/Console/View/Components/Task.php(41): Illuminate/Database/Migrations/Migrator->Illuminate/Database/Migrations/{closure}()
#12 C:/laragon/www/cuba-laravel/vendor/laravel/framework/src/Illuminate/Database/Migrations/Migrator.php(814): Illuminate/Console/View/Components/Task->render('2024_07_30_0902...', Object(Closure))
#13 C:/laragon/www/cuba-laravel/vendor/laravel/framework/src/Illuminate/Database/Migrations/Migrator.php(417): Illuminate/Database/Migrations/Migrator->write('Illuminate//Cons...', '2024_07_30_0902...', Object(Closure))
#14 C:/laragon/www/cuba-laravel/vendor/laravel/framework/src/Illuminate/Database/Migrations/Migrator.php(340): Illuminate/Database/Migrations/Migrator->runDown('C://laragon//www//...', Object(stdClass), false)
#15 C:/laragon/www/cuba-laravel/vendor/laravel/framework/src/Illuminate/Database/Migrations/Migrator.php(391): Illuminate/Database/Migrations/Migrator->rollbackMigrations(Array, Array, Array)
#16 C:/laragon/www/cuba-laravel/vendor/laravel/framework/src/Illuminate/Database/Migrations/Migrator.php(371): Illuminate/Database/Migrations/Migrator->resetMigrations(Array, Array, false)
#17 C:/laragon/www/cuba-laravel/vendor/laravel/framework/src/Illuminate/Database/Console/Migrations/ResetCommand.php(70): Illuminate/Database/Migrations/Migrator->reset(Array, false)
#18 C:/laragon/www/cuba-laravel/vendor/laravel/framework/src/Illuminate/Database/Migrations/Migrator.php(671): Illuminate/Database/Console/Migrations/ResetCommand->Illuminate/Database/Console/Migrations/{closure}()
#19 C:/laragon/www/cuba-laravel/vendor/laravel/framework/src/Illuminate/Database/Console/Migrations/ResetCommand.php(62): Illuminate/Database/Migrations/Migrator->usingConnection(NULL, Object(Closure))
#20 C:/laragon/www/cuba-laravel/vendor/laravel/framework/src/Illuminate/Container/BoundMethod.php(36): Illuminate/Database/Console/Migrations/ResetCommand->handle()
#21 C:/laragon/www/cuba-laravel/vendor/laravel/framework/src/Illuminate/Container/Util.php(43): Illuminate/Container/BoundMethod::Illuminate/Container/{closure}()
#22 C:/laragon/www/cuba-laravel/vendor/laravel/framework/src/Illuminate/Container/BoundMethod.php(96): Illuminate/Container/Util::unwrapIfClosure(Object(Closure))
#23 C:/laragon/www/cuba-laravel/vendor/laravel/framework/src/Illuminate/Container/BoundMethod.php(35): Illuminate/Container/BoundMethod::callBoundMethod(Object(Illuminate/Foundation/Application), Array, Object(Closure))
#24 C:/laragon/www/cuba-laravel/vendor/laravel/framework/src/Illuminate/Container/Container.php(799): Illuminate/Container/BoundMethod::call(Object(Illuminate/Foundation/Application), Array, Array, NULL)
#25 C:/laragon/www/cuba-laravel/vendor/laravel/framework/src/Illuminate/Console/Command.php(211): Illuminate/Container/Container->call(Array)
#26 C:/laragon/www/cuba-laravel/vendor/symfony/console/Command/Command.php(341): Illuminate/Console/Command->execute(Object(Symfony/Component/Console/Input/ArrayInput), Object(Illuminate/Console/OutputStyle))
#27 C:/laragon/www/cuba-laravel/vendor/laravel/framework/src/Illuminate/Console/Command.php(180): Symfony/Component/Console/Command/Command->run(Object(Symfony/Component/Console/Input/ArrayInput), Object(Illuminate/Console/OutputStyle))
#28 C:/laragon/www/cuba-laravel/vendor/laravel/framework/src/Illuminate/Console/Concerns/CallsCommands.php(68): Illuminate/Console/Command->run(Object(Symfony/Component/Console/Input/ArrayInput), Object(Illuminate/Console/OutputStyle))
#29 C:/laragon/www/cuba-laravel/vendor/laravel/framework/src/Illuminate/Console/Concerns/CallsCommands.php(29): Illuminate/Console/Command->runCommand('migrate:reset', Array, Object(Illuminate/Console/OutputStyle))
#30 C:/laragon/www/cuba-laravel/vendor/laravel/framework/src/Illuminate/Database/Console/Migrations/RefreshCommand.php(113): Illuminate/Console/Command->call('migrate:reset', Array)
#31 C:/laragon/www/cuba-laravel/vendor/laravel/framework/src/Illuminate/Database/Console/Migrations/RefreshCommand.php(59): Illuminate/Database/Console/Migrations/RefreshCommand->runReset(NULL, Array)
#32 C:/laragon/www/cuba-laravel/vendor/laravel/framework/src/Illuminate/Container/BoundMethod.php(36): Illuminate/Database/Console/Migrations/RefreshCommand->handle()
#33 C:/laragon/www/cuba-laravel/vendor/laravel/framework/src/Illuminate/Container/Util.php(43): Illuminate/Container/BoundMethod::Illuminate/Container/{closure}()
#34 C:/laragon/www/cuba-laravel/vendor/laravel/framework/src/Illuminate/Container/BoundMethod.php(96): Illuminate/Container/Util::unwrapIfClosure(Object(Closure))
#35 C:/laragon/www/cuba-laravel/vendor/laravel/framework/src/Illuminate/Container/BoundMethod.php(35): Illuminate/Container/BoundMethod::callBoundMethod(Object(Illuminate/Foundation/Application), Array, Object(Closure))
#36 C:/laragon/www/cuba-laravel/vendor/laravel/framework/src/Illuminate/Container/Container.php(799): Illuminate/Container/BoundMethod::call(Object(Illuminate/Foundation/Application), Array, Array, NULL)
#37 C:/laragon/www/cuba-laravel/vendor/laravel/framework/src/Illuminate/Console/Command.php(211): Illuminate/Container/Container->call(Array)
#38 C:/laragon/www/cuba-laravel/vendor/symfony/console/Command/Command.php(341): Illuminate/Console/Command->execute(Object(Symfony/Component/Console/Input/ArgvInput), Object(Illuminate/Console/OutputStyle))
#39 C:/laragon/www/cuba-laravel/vendor/laravel/framework/src/Illuminate/Console/Command.php(180): Symfony/Component/Console/Command/Command->run(Object(Symfony/Component/Console/Input/ArgvInput), Object(Illuminate/Console/OutputStyle))
#40 C:/laragon/www/cuba-laravel/vendor/symfony/console/Application.php(1117): Illuminate/Console/Command->run(Object(Symfony/Component/Console/Input/ArgvInput), Object(Symfony/Component/Console/Output/ConsoleOutput))
#41 C:/laragon/www/cuba-laravel/vendor/symfony/console/Application.php(356): Symfony/Component/Console/Application->doRunCommand(Object(Illuminate/Database/Console/Migrations/RefreshCommand), Object(Symfony/Component/Console/Input/ArgvInput), Object(Symfony/Component/Console/Output/ConsoleOutput))
#42 C:/laragon/www/cuba-laravel/vendor/symfony/console/Application.php(195): Symfony/Component/Console/Application->doRun(Object(Symfony/Component/Console/Input/ArgvInput), Object(Symfony/Component/Console/Output/ConsoleOutput))
#43 C:/laragon/www/cuba-laravel/vendor/laravel/framework/src/Illuminate/Foundation/Console/Kernel.php(198): Symfony/Component/Console/Application->run(Object(Symfony/Component/Console/Input/ArgvInput), Object(Symfony/Component/Console/Output/ConsoleOutput))
#44 C:/laragon/www/cuba-laravel/vendor/laravel/framework/src/Illuminate/Foundation/Application.php(1235): Illuminate/Foundation/Console/Kernel->handle(Object(Symfony/Component/Console/Input/ArgvInput), Object(Symfony/Component/Console/Output/ConsoleOutput))
#45 C:/laragon/www/cuba-laravel/artisan(13): Illuminate/Foundation/Application->handleCommand(Object(Symfony/Component/Console/Input/ArgvInput))
#46 {main}

[previous exception] [object] (PDOException(code: HY000): SQLSTATE[HY000]: General error: 3730 Cannot drop table 'countries' referenced by a foreign key constraint 'states_country_id_foreign' on table 'states'. at C:/laragon/www/cuba-laravel/vendor/laravel/framework/src/Illuminate/Database/Connection.php:584)
[stacktrace]
#0 C:/laragon/www/cuba-laravel/vendor/laravel/framework/src/Illuminate/Database/Connection.php(584): PDOStatement->execute()
#1 C:/laragon/www/cuba-laravel/vendor/laravel/framework/src/Illuminate/Database/Connection.php(827): Illuminate/Database/Connection->Illuminate/Database/{closure}('drop table if e...', Array)
#2 C:/laragon/www/cuba-laravel/vendor/laravel/framework/src/Illuminate/Database/Connection.php(794): Illuminate/Database/Connection->runQueryCallback('drop table if e...', Array, Object(Closure))
#3 C:/laragon/www/cuba-laravel/vendor/laravel/framework/src/Illuminate/Database/Connection.php(573): Illuminate/Database/Connection->run('drop table if e...', Array, Object(Closure))
#4 C:/laragon/www/cuba-laravel/vendor/laravel/framework/src/Illuminate/Database/Schema/Blueprint.php(121): Illuminate/Database/Connection->statement('drop table if e...')
#5 C:/laragon/www/cuba-laravel/vendor/laravel/framework/src/Illuminate/Database/Schema/Builder.php(686): Illuminate/Database/Schema/Blueprint->build()
#6 C:/laragon/www/cuba-laravel/vendor/laravel/framework/src/Illuminate/Database/Schema/Builder.php(534): Illuminate/Database/Schema/Builder->build(Object(Illuminate/Database/Schema/Blueprint))
#7 C:/laragon/www/cuba-laravel/vendor/laravel/framework/src/Illuminate/Support/Facades/Facade.php(363): Illuminate/Database/Schema/Builder->dropIfExists('countries')
#8 C:/laragon/www/cuba-laravel/database/migrations/2024_07_30_090244_setup_countries_table.php(47): Illuminate/Support/Facades/Facade::__callStatic('dropIfExists', Array)
#9 C:/laragon/www/cuba-laravel/vendor/laravel/framework/src/Illuminate/Database/Migrations/Migrator.php(517): SetupCountriesTable->down()
#10 C:/laragon/www/cuba-laravel/vendor/laravel/framework/src/Illuminate/Database/Migrations/Migrator.php(442): Illuminate/Database/Migrations/Migrator->runMethod(Object(Illuminate/Database/MySqlConnection), Object(SetupCountriesTable), 'down')
#11 C:/laragon/www/cuba-laravel/vendor/laravel/framework/src/Illuminate/Database/Migrations/Migrator.php(451): Illuminate/Database/Migrations/Migrator->Illuminate/Database/Migrations/{closure}()
#12 C:/laragon/www/cuba-laravel/vendor/laravel/framework/src/Illuminate/Database/Migrations/Migrator.php(417): Illuminate/Database/Migrations/Migrator->runMigration(Object(SetupCountriesTable), 'down')
#13 C:/laragon/www/cuba-laravel/vendor/laravel/framework/src/Illuminate/Console/View/Components/Task.php(41): Illuminate/Database/Migrations/Migrator->Illuminate/Database/Migrations/{closure}()
#14 C:/laragon/www/cuba-laravel/vendor/laravel/framework/src/Illuminate/Database/Migrations/Migrator.php(814): Illuminate/Console/View/Components/Task->render('2024_07_30_0902...', Object(Closure))
#15 C:/laragon/www/cuba-laravel/vendor/laravel/framework/src/Illuminate/Database/Migrations/Migrator.php(417): Illuminate/Database/Migrations/Migrator->write('Illuminate//Cons...', '2024_07_30_0902...', Object(Closure))
#16 C:/laragon/www/cuba-laravel/vendor/laravel/framework/src/Illuminate/Database/Migrations/Migrator.php(340): Illuminate/Database/Migrations/Migrator->runDown('C://laragon//www//...', Object(stdClass), false)
#17 C:/laragon/www/cuba-laravel/vendor/laravel/framework/src/Illuminate/Database/Migrations/Migrator.php(391): Illuminate/Database/Migrations/Migrator->rollbackMigrations(Array, Array, Array)
#18 C:/laragon/www/cuba-laravel/vendor/laravel/framework/src/Illuminate/Database/Migrations/Migrator.php(371): Illuminate/Database/Migrations/Migrator->resetMigrations(Array, Array, false)
#19 C:/laragon/www/cuba-laravel/vendor/laravel/framework/src/Illuminate/Database/Console/Migrations/ResetCommand.php(70): Illuminate/Database/Migrations/Migrator->reset(Array, false)
#20 C:/laragon/www/cuba-laravel/vendor/laravel/framework/src/Illuminate/Database/Migrations/Migrator.php(671): Illuminate/Database/Console/Migrations/ResetCommand->Illuminate/Database/Console/Migrations/{closure}()
#21 C:/laragon/www/cuba-laravel/vendor/laravel/framework/src/Illuminate/Database/Console/Migrations/ResetCommand.php(62): Illuminate/Database/Migrations/Migrator->usingConnection(NULL, Object(Closure))
#22 C:/laragon/www/cuba-laravel/vendor/laravel/framework/src/Illuminate/Container/BoundMethod.php(36): Illuminate/Database/Console/Migrations/ResetCommand->handle()
#23 C:/laragon/www/cuba-laravel/vendor/laravel/framework/src/Illuminate/Container/Util.php(43): Illuminate/Container/BoundMethod::Illuminate/Container/{closure}()
#24 C:/laragon/www/cuba-laravel/vendor/laravel/framework/src/Illuminate/Container/BoundMethod.php(96): Illuminate/Container/Util::unwrapIfClosure(Object(Closure))
#25 C:/laragon/www/cuba-laravel/vendor/laravel/framework/src/Illuminate/Container/BoundMethod.php(35): Illuminate/Container/BoundMethod::callBoundMethod(Object(Illuminate/Foundation/Application), Array, Object(Closure))
#26 C:/laragon/www/cuba-laravel/vendor/laravel/framework/src/Illuminate/Container/Container.php(799): Illuminate/Container/BoundMethod::call(Object(Illuminate/Foundation/Application), Array, Array, NULL)
#27 C:/laragon/www/cuba-laravel/vendor/laravel/framework/src/Illuminate/Console/Command.php(211): Illuminate/Container/Container->call(Array)
#28 C:/laragon/www/cuba-laravel/vendor/symfony/console/Command/Command.php(341): Illuminate/Console/Command->execute(Object(Symfony/Component/Console/Input/ArrayInput), Object(Illuminate/Console/OutputStyle))
#29 C:/laragon/www/cuba-laravel/vendor/laravel/framework/src/Illuminate/Console/Command.php(180): Symfony/Component/Console/Command/Command->run(Object(Symfony/Component/Console/Input/ArrayInput), Object(Illuminate/Console/OutputStyle))
#30 C:/laragon/www/cuba-laravel/vendor/laravel/framework/src/Illuminate/Console/Concerns/CallsCommands.php(68): Illuminate/Console/Command->run(Object(Symfony/Component/Console/Input/ArrayInput), Object(Illuminate/Console/OutputStyle))
#31 C:/laragon/www/cuba-laravel/vendor/laravel/framework/src/Illuminate/Console/Concerns/CallsCommands.php(29): Illuminate/Console/Command->runCommand('migrate:reset', Array, Object(Illuminate/Console/OutputStyle))
#32 C:/laragon/www/cuba-laravel/vendor/laravel/framework/src/Illuminate/Database/Console/Migrations/RefreshCommand.php(113): Illuminate/Console/Command->call('migrate:reset', Array)
#33 C:/laragon/www/cuba-laravel/vendor/laravel/framework/src/Illuminate/Database/Console/Migrations/RefreshCommand.php(59): Illuminate/Database/Console/Migrations/RefreshCommand->runReset(NULL, Array)
#34 C:/laragon/www/cuba-laravel/vendor/laravel/framework/src/Illuminate/Container/BoundMethod.php(36): Illuminate/Database/Console/Migrations/RefreshCommand->handle()
#35 C:/laragon/www/cuba-laravel/vendor/laravel/framework/src/Illuminate/Container/Util.php(43): Illuminate/Container/BoundMethod::Illuminate/Container/{closure}()
#36 C:/laragon/www/cuba-laravel/vendor/laravel/framework/src/Illuminate/Container/BoundMethod.php(96): Illuminate/Container/Util::unwrapIfClosure(Object(Closure))
#37 C:/laragon/www/cuba-laravel/vendor/laravel/framework/src/Illuminate/Container/BoundMethod.php(35): Illuminate/Container/BoundMethod::callBoundMethod(Object(Illuminate/Foundation/Application), Array, Object(Closure))
#38 C:/laragon/www/cuba-laravel/vendor/laravel/framework/src/Illuminate/Container/Container.php(799): Illuminate/Container/BoundMethod::call(Object(Illuminate/Foundation/Application), Array, Array, NULL)
#39 C:/laragon/www/cuba-laravel/vendor/laravel/framework/src/Illuminate/Console/Command.php(211): Illuminate/Container/Container->call(Array)
#40 C:/laragon/www/cuba-laravel/vendor/symfony/console/Command/Command.php(341): Illuminate/Console/Command->execute(Object(Symfony/Component/Console/Input/ArgvInput), Object(Illuminate/Console/OutputStyle))
#41 C:/laragon/www/cuba-laravel/vendor/laravel/framework/src/Illuminate/Console/Command.php(180): Symfony/Component/Console/Command/Command->run(Object(Symfony/Component/Console/Input/ArgvInput), Object(Illuminate/Console/OutputStyle))
#42 C:/laragon/www/cuba-laravel/vendor/symfony/console/Application.php(1117): Illuminate/Console/Command->run(Object(Symfony/Component/Console/Input/ArgvInput), Object(Symfony/Component/Console/Output/ConsoleOutput))
#43 C:/laragon/www/cuba-laravel/vendor/symfony/console/Application.php(356): Symfony/Component/Console/Application->doRunCommand(Object(Illuminate/Database/Console/Migrations/RefreshCommand), Object(Symfony/Component/Console/Input/ArgvInput), Object(Symfony/Component/Console/Output/ConsoleOutput))
#44 C:/laragon/www/cuba-laravel/vendor/symfony/console/Application.php(195): Symfony/Component/Console/Application->doRun(Object(Symfony/Component/Console/Input/ArgvInput), Object(Symfony/Component/Console/Output/ConsoleOutput))
#45 C:/laragon/www/cuba-laravel/vendor/laravel/framework/src/Illuminate/Foundation/Console/Kernel.php(198): Symfony/Component/Console/Application->run(Object(Symfony/Component/Console/Input/ArgvInput), Object(Symfony/Component/Console/Output/ConsoleOutput))
#46 C:/laragon/www/cuba-laravel/vendor/laravel/framework/src/Illuminate/Foundation/Application.php(1235): Illuminate/Foundation/Console/Kernel->handle(Object(Symfony/Component/Console/Input/ArgvInput), Object(Symfony/Component/Console/Output/ConsoleOutput))
#47 C:/laragon/www/cuba-laravel/artisan(13): Illuminate/Foundation/Application->handleCommand(Object(Symfony/Component/Console/Input/ArgvInput))
#48 {main}
"} 
[2026-10-04 07:29:29] local.ERROR: SQLSTATE[HY000]: General error: 1366 Incorrect integer value: 'AD' for column 'id' at row 1 (Connection: mysql, Host: 127.0.0.1, Port: 3306, Database: db_healthhome, SQL: insert into `countries` (`id`, `name`, `currency`, `currency_symbol`, `currency_code`, `iso_3166_2`, `iso_3166_3`, `calling_code`, `flag`) values (AD, Andorra, ?, €, EUR, AD, AND, 376, 🇦🇩)) {"exception":"[object] (Illuminate\\Database\\QueryException(code: HY000): SQLSTATE[HY000]: General error: 1366 Incorrect integer value: 'AD' for column 'id' at row 1 (Connection: mysql, Host: 127.0.0.1, Port: 3306, Database: db_healthhome, SQL: insert into `countries` (`id`, `name`, `currency`, `currency_symbol`, `currency_code`, `iso_3166_2`, `iso_3166_3`, `calling_code`, `flag`) values (AD, Andorra, ?, €, EUR, AD, AND, 376, 🇦🇩)) at C:/laragon/www/cuba-laravel/vendor/laravel/framework/src/Illuminate/Database/Connection.php:838)
[stacktrace]
#0 C:/laragon/www/cuba-laravel/vendor/laravel/framework/src/Illuminate/Database/Connection.php(794): Illuminate/Database/Connection->runQueryCallback('insert into `co...', Array, Object(Closure))
#1 C:/laragon/www/cuba-laravel/vendor/laravel/framework/src/Illuminate/Database/MySqlConnection.php(42): Illuminate/Database/Connection->run('insert into `co...', Array, Object(Closure))
#2 C:/laragon/www/cuba-laravel/vendor/laravel/framework/src/Illuminate/Database/Query/Builder.php(4121): Illuminate/Database/MySqlConnection->insert('insert into `co...', Array)
#3 C:/laragon/www/cuba-laravel/database/seeders/CountriesSeeder.php(21): Illuminate/Database/Query/Builder->insert(Array)
#4 C:/laragon/www/cuba-laravel/vendor/laravel/framework/src/Illuminate/Container/BoundMethod.php(36): Database/Seeders/CountriesSeeder->run()
#5 C:/laragon/www/cuba-laravel/vendor/laravel/framework/src/Illuminate/Container/Util.php(43): Illuminate/Container/BoundMethod::Illuminate/Container/{closure}()
#6 C:/laragon/www/cuba-laravel/vendor/laravel/framework/src/Illuminate/Container/BoundMethod.php(96): Illuminate/Container/Util::unwrapIfClosure(Object(Closure))
#7 C:/laragon/www/cuba-laravel/vendor/laravel/framework/src/Illuminate/Container/BoundMethod.php(35): Illuminate/Container/BoundMethod::callBoundMethod(Object(Illuminate/Foundation/Application), Array, Object(Closure))
#8 C:/laragon/www/cuba-laravel/vendor/laravel/framework/src/Illuminate/Container/Container.php(799): Illuminate/Container/BoundMethod::call(Object(Illuminate/Foundation/Application), Array, Array, NULL)
#9 C:/laragon/www/cuba-laravel/vendor/laravel/framework/src/Illuminate/Database/Seeder.php(184): Illuminate/Container/Container->call(Array, Array)
#10 C:/laragon/www/cuba-laravel/vendor/laravel/framework/src/Illuminate/Database/Seeder.php(193): Illuminate/Database/Seeder->Illuminate/Database/{closure}()
#11 C:/laragon/www/cuba-laravel/vendor/laravel/framework/src/Illuminate/Database/Seeder.php(59): Illuminate/Database/Seeder->__invoke(Array)
#12 C:/laragon/www/cuba-laravel/database/seeders/DatabaseSeeder.php(17): Illuminate/Database/Seeder->call('Database//Seeder...')
#13 C:/laragon/www/cuba-laravel/vendor/laravel/framework/src/Illuminate/Container/BoundMethod.php(36): Database/Seeders/DatabaseSeeder->run()
#14 C:/laragon/www/cuba-laravel/vendor/laravel/framework/src/Illuminate/Container/Util.php(43): Illuminate/Container/BoundMethod::Illuminate/Container/{closure}()
#15 C:/laragon/www/cuba-laravel/vendor/laravel/framework/src/Illuminate/Container/BoundMethod.php(96): Illuminate/Container/Util::unwrapIfClosure(Object(Closure))
#16 C:/laragon/www/cuba-laravel/vendor/laravel/framework/src/Illuminate/Container/BoundMethod.php(35): Illuminate/Container/BoundMethod::callBoundMethod(Object(Illuminate/Foundation/Application), Array, Object(Closure))
#17 C:/laragon/www/cuba-laravel/vendor/laravel/framework/src/Illuminate/Container/Container.php(799): Illuminate/Container/BoundMethod::call(Object(Illuminate/Foundation/Application), Array, Array, NULL)
#18 C:/laragon/www/cuba-laravel/vendor/laravel/framework/src/Illuminate/Database/Seeder.php(184): Illuminate/Container/Container->call(Array, Array)
#19 C:/laragon/www/cuba-laravel/vendor/laravel/framework/src/Illuminate/Database/Seeder.php(193): Illuminate/Database/Seeder->Illuminate/Database/{closure}()
#20 C:/laragon/www/cuba-laravel/vendor/laravel/framework/src/Illuminate/Database/Console/Seeds/SeedCommand.php(71): Illuminate/Database/Seeder->__invoke()
#21 C:/laragon/www/cuba-laravel/vendor/laravel/framework/src/Illuminate/Database/Eloquent/Concerns/GuardsAttributes.php(157): Illuminate/Database/Console/Seeds/SeedCommand->Illuminate/Database/Console/Seeds/{closure}()
#22 C:/laragon/www/cuba-laravel/vendor/laravel/framework/src/Illuminate/Database/Console/Seeds/SeedCommand.php(70): Illuminate/Database/Eloquent/Model::unguarded(Object(Closure))
#23 C:/laragon/www/cuba-laravel/vendor/laravel/framework/src/Illuminate/Container/BoundMethod.php(36): Illuminate/Database/Console/Seeds/SeedCommand->handle()
#24 C:/laragon/www/cuba-laravel/vendor/laravel/framework/src/Illuminate/Container/Util.php(43): Illuminate/Container/BoundMethod::Illuminate/Container/{closure}()
#25 C:/laragon/www/cuba-laravel/vendor/laravel/framework/src/Illuminate/Container/BoundMethod.php(96): Illuminate/Container/Util::unwrapIfClosure(Object(Closure))
#26 C:/laragon/www/cuba-laravel/vendor/laravel/framework/src/Illuminate/Container/BoundMethod.php(35): Illuminate/Container/BoundMethod::callBoundMethod(Object(Illuminate/Foundation/Application), Array, Object(Closure))
#27 C:/laragon/www/cuba-laravel/vendor/laravel/framework/src/Illuminate/Container/Container.php(799): Illuminate/Container/BoundMethod::call(Object(Illuminate/Foundation/Application), Array, Array, NULL)
#28 C:/laragon/www/cuba-laravel/vendor/laravel/framework/src/Illuminate/Console/Command.php(211): Illuminate/Container/Container->call(Array)
#29 C:/laragon/www/cuba-laravel/vendor/symfony/console/Command/Command.php(341): Illuminate/Console/Command->execute(Object(Symfony/Component/Console/Input/ArgvInput), Object(Illuminate/Console/OutputStyle))
#30 C:/laragon/www/cuba-laravel/vendor/laravel/framework/src/Illuminate/Console/Command.php(180): Symfony/Component/Console/Command/Command->run(Object(Symfony/Component/Console/Input/ArgvInput), Object(Illuminate/Console/OutputStyle))
#31 C:/laragon/www/cuba-laravel/vendor/symfony/console/Application.php(1117): Illuminate/Console/Command->run(Object(Symfony/Component/Console/Input/ArgvInput), Object(Symfony/Component/Console/Output/ConsoleOutput))
#32 C:/laragon/www/cuba-laravel/vendor/symfony/console/Application.php(356): Symfony/Component/Console/Application->doRunCommand(Object(Illuminate/Database/Console/Seeds/SeedCommand), Object(Symfony/Component/Console/Input/ArgvInput), Object(Symfony/Component/Console/Output/ConsoleOutput))
#33 C:/laragon/www/cuba-laravel/vendor/symfony/console/Application.php(195): Symfony/Component/Console/Application->doRun(Object(Symfony/Component/Console/Input/ArgvInput), Object(Symfony/Component/Console/Output/ConsoleOutput))
#34 C:/laragon/www/cuba-laravel/vendor/laravel/framework/src/Illuminate/Foundation/Console/Kernel.php(198): Symfony/Component/Console/Application->run(Object(Symfony/Component/Console/Input/ArgvInput), Object(Symfony/Component/Console/Output/ConsoleOutput))
#35 C:/laragon/www/cuba-laravel/vendor/laravel/framework/src/Illuminate/Foundation/Application.php(1235): Illuminate/Foundation/Console/Kernel->handle(Object(Symfony/Component/Console/Input/ArgvInput), Object(Symfony/Component/Console/Output/ConsoleOutput))
#36 C:/laragon/www/cuba-laravel/artisan(13): Illuminate/Foundation/Application->handleCommand(Object(Symfony/Component/Console/Input/ArgvInput))
#37 {main}

[previous exception] [object] (PDOException(code: HY000): SQLSTATE[HY000]: General error: 1366 Incorrect integer value: 'AD' for column 'id' at row 1 at C:/laragon/www/cuba-laravel/vendor/laravel/framework/src/Illuminate/Database/MySqlConnection.php:53)
[stacktrace]
#0 C:/laragon/www/cuba-laravel/vendor/laravel/framework/src/Illuminate/Database/MySqlConnection.php(53): PDOStatement->execute()
#1 C:/laragon/www/cuba-laravel/vendor/laravel/framework/src/Illuminate/Database/Connection.php(827): Illuminate/Database/MySqlConnection->Illuminate/Database/{closure}('insert into `co...', Array)
#2 C:/laragon/www/cuba-laravel/vendor/laravel/framework/src/Illuminate/Database/Connection.php(794): Illuminate/Database/Connection->runQueryCallback('insert into `co...', Array, Object(Closure))
#3 C:/laragon/www/cuba-laravel/vendor/laravel/framework/src/Illuminate/Database/MySqlConnection.php(42): Illuminate/Database/Connection->run('insert into `co...', Array, Object(Closure))
#4 C:/laragon/www/cuba-laravel/vendor/laravel/framework/src/Illuminate/Database/Query/Builder.php(4121): Illuminate/Database/MySqlConnection->insert('insert into `co...', Array)
#5 C:/laragon/www/cuba-laravel/database/seeders/CountriesSeeder.php(21): Illuminate/Database/Query/Builder->insert(Array)
#6 C:/laragon/www/cuba-laravel/vendor/laravel/framework/src/Illuminate/Container/BoundMethod.php(36): Database/Seeders/CountriesSeeder->run()
#7 C:/laragon/www/cuba-laravel/vendor/laravel/framework/src/Illuminate/Container/Util.php(43): Illuminate/Container/BoundMethod::Illuminate/Container/{closure}()
#8 C:/laragon/www/cuba-laravel/vendor/laravel/framework/src/Illuminate/Container/BoundMethod.php(96): Illuminate/Container/Util::unwrapIfClosure(Object(Closure))
#9 C:/laragon/www/cuba-laravel/vendor/laravel/framework/src/Illuminate/Container/BoundMethod.php(35): Illuminate/Container/BoundMethod::callBoundMethod(Object(Illuminate/Foundation/Application), Array, Object(Closure))
#10 C:/laragon/www/cuba-laravel/vendor/laravel/framework/src/Illuminate/Container/Container.php(799): Illuminate/Container/BoundMethod::call(Object(Illuminate/Foundation/Application), Array, Array, NULL)
#11 C:/laragon/www/cuba-laravel/vendor/laravel/framework/src/Illuminate/Database/Seeder.php(184): Illuminate/Container/Container->call(Array, Array)
#12 C:/laragon/www/cuba-laravel/vendor/laravel/framework/src/Illuminate/Database/Seeder.php(193): Illuminate/Database/Seeder->Illuminate/Database/{closure}()
#13 C:/laragon/www/cuba-laravel/vendor/laravel/framework/src/Illuminate/Database/Seeder.php(59): Illuminate/Database/Seeder->__invoke(Array)
#14 C:/laragon/www/cuba-laravel/database/seeders/DatabaseSeeder.php(17): Illuminate/Database/Seeder->call('Database//Seeder...')
#15 C:/laragon/www/cuba-laravel/vendor/laravel/framework/src/Illuminate/Container/BoundMethod.php(36): Database/Seeders/DatabaseSeeder->run()
#16 C:/laragon/www/cuba-laravel/vendor/laravel/framework/src/Illuminate/Container/Util.php(43): Illuminate/Container/BoundMethod::Illuminate/Container/{closure}()
#17 C:/laragon/www/cuba-laravel/vendor/laravel/framework/src/Illuminate/Container/BoundMethod.php(96): Illuminate/Container/Util::unwrapIfClosure(Object(Closure))
#18 C:/laragon/www/cuba-laravel/vendor/laravel/framework/src/Illuminate/Container/BoundMethod.php(35): Illuminate/Container/BoundMethod::callBoundMethod(Object(Illuminate/Foundation/Application), Array, Object(Closure))
#19 C:/laragon/www/cuba-laravel/vendor/laravel/framework/src/Illuminate/Container/Container.php(799): Illuminate/Container/BoundMethod::call(Object(Illuminate/Foundation/Application), Array, Array, NULL)
#20 C:/laragon/www/cuba-laravel/vendor/laravel/framework/src/Illuminate/Database/Seeder.php(184): Illuminate/Container/Container->call(Array, Array)
#21 C:/laragon/www/cuba-laravel/vendor/laravel/framework/src/Illuminate/Database/Seeder.php(193): Illuminate/Database/Seeder->Illuminate/Database/{closure}()
#22 C:/laragon/www/cuba-laravel/vendor/laravel/framework/src/Illuminate/Database/Console/Seeds/SeedCommand.php(71): Illuminate/Database/Seeder->__invoke()
#23 C:/laragon/www/cuba-laravel/vendor/laravel/framework/src/Illuminate/Database/Eloquent/Concerns/GuardsAttributes.php(157): Illuminate/Database/Console/Seeds/SeedCommand->Illuminate/Database/Console/Seeds/{closure}()
#24 C:/laragon/www/cuba-laravel/vendor/laravel/framework/src/Illuminate/Database/Console/Seeds/SeedCommand.php(70): Illuminate/Database/Eloquent/Model::unguarded(Object(Closure))
#25 C:/laragon/www/cuba-laravel/vendor/laravel/framework/src/Illuminate/Container/BoundMethod.php(36): Illuminate/Database/Console/Seeds/SeedCommand->handle()
#26 C:/laragon/www/cuba-laravel/vendor/laravel/framework/src/Illuminate/Container/Util.php(43): Illuminate/Container/BoundMethod::Illuminate/Container/{closure}()
#27 C:/laragon/www/cuba-laravel/vendor/laravel/framework/src/Illuminate/Container/BoundMethod.php(96): Illuminate/Container/Util::unwrapIfClosure(Object(Closure))
#28 C:/laragon/www/cuba-laravel/vendor/laravel/framework/src/Illuminate/Container/BoundMethod.php(35): Illuminate/Container/BoundMethod::callBoundMethod(Object(Illuminate/Foundation/Application), Array, Object(Closure))
#29 C:/laragon/www/cuba-laravel/vendor/laravel/framework/src/Illuminate/Container/Container.php(799): Illuminate/Container/BoundMethod::call(Object(Illuminate/Foundation/Application), Array, Array, NULL)
#30 C:/laragon/www/cuba-laravel/vendor/laravel/framework/src/Illuminate/Console/Command.php(211): Illuminate/Container/Container->call(Array)
#31 C:/laragon/www/cuba-laravel/vendor/symfony/console/Command/Command.php(341): Illuminate/Console/Command->execute(Object(Symfony/Component/Console/Input/ArgvInput), Object(Illuminate/Console/OutputStyle))
#32 C:/laragon/www/cuba-laravel/vendor/laravel/framework/src/Illuminate/Console/Command.php(180): Symfony/Component/Console/Command/Command->run(Object(Symfony/Component/Console/Input/ArgvInput), Object(Illuminate/Console/OutputStyle))
#33 C:/laragon/www/cuba-laravel/vendor/symfony/console/Application.php(1117): Illuminate/Console/Command->run(Object(Symfony/Component/Console/Input/ArgvInput), Object(Symfony/Component/Console/Output/ConsoleOutput))
#34 C:/laragon/www/cuba-laravel/vendor/symfony/console/Application.php(356): Symfony/Component/Console/Application->doRunCommand(Object(Illuminate/Database/Console/Seeds/SeedCommand), Object(Symfony/Component/Console/Input/ArgvInput), Object(Symfony/Component/Console/Output/ConsoleOutput))
#35 C:/laragon/www/cuba-laravel/vendor/symfony/console/Application.php(195): Symfony/Component/Console/Application->doRun(Object(Symfony/Component/Console/Input/ArgvInput), Object(Symfony/Component/Console/Output/ConsoleOutput))
#36 C:/laragon/www/cuba-laravel/vendor/laravel/framework/src/Illuminate/Foundation/Console/Kernel.php(198): Symfony/Component/Console/Application->run(Object(Symfony/Component/Console/Input/ArgvInput), Object(Symfony/Component/Console/Output/ConsoleOutput))
#37 C:/laragon/www/cuba-laravel/vendor/laravel/framework/src/Illuminate/Foundation/Application.php(1235): Illuminate/Foundation/Console/Kernel->handle(Object(Symfony/Component/Console/Input/ArgvInput), Object(Symfony/Component/Console/Output/ConsoleOutput))
#38 C:/laragon/www/cuba-laravel/artisan(13): Illuminate/Foundation/Application->handleCommand(Object(Symfony/Component/Console/Input/ArgvInput))
#39 {main}
"} 
[2026-10-04 07:31:39] local.ERROR: SQLSTATE[22001]: String data, right truncated: 1406 Data too long for column 'calling_code' at row 1 (Connection: mysql, Host: 127.0.0.1, Port: 3306, Database: db_healthhome, SQL: insert into `countries` (`name`, `currency`, `currency_symbol`, `currency_code`, `iso_3166_2`, `iso_3166_3`, `calling_code`, `flag`) values (Antigua and Barbuda, ?, $, XCD, AG, ATG, +1-268, 🇦🇬)) {"exception":"[object] (Illuminate\\Database\\QueryException(code: 22001): SQLSTATE[22001]: String data, right truncated: 1406 Data too long for column 'calling_code' at row 1 (Connection: mysql, Host: 127.0.0.1, Port: 3306, Database: db_healthhome, SQL: insert into `countries` (`name`, `currency`, `currency_symbol`, `currency_code`, `iso_3166_2`, `iso_3166_3`, `calling_code`, `flag`) values (Antigua and Barbuda, ?, $, XCD, AG, ATG, +1-268, 🇦🇬)) at C:/laragon/www/cuba-laravel/vendor/laravel/framework/src/Illuminate/Database/Connection.php:838)
[stacktrace]
#0 C:/laragon/www/cuba-laravel/vendor/laravel/framework/src/Illuminate/Database/Connection.php(794): Illuminate/Database/Connection->runQueryCallback('insert into `co...', Array, Object(Closure))
#1 C:/laragon/www/cuba-laravel/vendor/laravel/framework/src/Illuminate/Database/MySqlConnection.php(42): Illuminate/Database/Connection->run('insert into `co...', Array, Object(Closure))
#2 C:/laragon/www/cuba-laravel/vendor/laravel/framework/src/Illuminate/Database/Query/Builder.php(4121): Illuminate/Database/MySqlConnection->insert('insert into `co...', Array)
#3 C:/laragon/www/cuba-laravel/database/seeders/CountriesSeeder.php(21): Illuminate/Database/Query/Builder->insert(Array)
#4 C:/laragon/www/cuba-laravel/vendor/laravel/framework/src/Illuminate/Container/BoundMethod.php(36): Database/Seeders/CountriesSeeder->run()
#5 C:/laragon/www/cuba-laravel/vendor/laravel/framework/src/Illuminate/Container/Util.php(43): Illuminate/Container/BoundMethod::Illuminate/Container/{closure}()
#6 C:/laragon/www/cuba-laravel/vendor/laravel/framework/src/Illuminate/Container/BoundMethod.php(96): Illuminate/Container/Util::unwrapIfClosure(Object(Closure))
#7 C:/laragon/www/cuba-laravel/vendor/laravel/framework/src/Illuminate/Container/BoundMethod.php(35): Illuminate/Container/BoundMethod::callBoundMethod(Object(Illuminate/Foundation/Application), Array, Object(Closure))
#8 C:/laragon/www/cuba-laravel/vendor/laravel/framework/src/Illuminate/Container/Container.php(799): Illuminate/Container/BoundMethod::call(Object(Illuminate/Foundation/Application), Array, Array, NULL)
#9 C:/laragon/www/cuba-laravel/vendor/laravel/framework/src/Illuminate/Database/Seeder.php(184): Illuminate/Container/Container->call(Array, Array)
#10 C:/laragon/www/cuba-laravel/vendor/laravel/framework/src/Illuminate/Database/Seeder.php(193): Illuminate/Database/Seeder->Illuminate/Database/{closure}()
#11 C:/laragon/www/cuba-laravel/vendor/laravel/framework/src/Illuminate/Database/Seeder.php(59): Illuminate/Database/Seeder->__invoke(Array)
#12 C:/laragon/www/cuba-laravel/database/seeders/DatabaseSeeder.php(17): Illuminate/Database/Seeder->call('Database//Seeder...')
#13 C:/laragon/www/cuba-laravel/vendor/laravel/framework/src/Illuminate/Container/BoundMethod.php(36): Database/Seeders/DatabaseSeeder->run()
#14 C:/laragon/www/cuba-laravel/vendor/laravel/framework/src/Illuminate/Container/Util.php(43): Illuminate/Container/BoundMethod::Illuminate/Container/{closure}()
#15 C:/laragon/www/cuba-laravel/vendor/laravel/framework/src/Illuminate/Container/BoundMethod.php(96): Illuminate/Container/Util::unwrapIfClosure(Object(Closure))
#16 C:/laragon/www/cuba-laravel/vendor/laravel/framework/src/Illuminate/Container/BoundMethod.php(35): Illuminate/Container/BoundMethod::callBoundMethod(Object(Illuminate/Foundation/Application), Array, Object(Closure))
#17 C:/laragon/www/cuba-laravel/vendor/laravel/framework/src/Illuminate/Container/Container.php(799): Illuminate/Container/BoundMethod::call(Object(Illuminate/Foundation/Application), Array, Array, NULL)
#18 C:/laragon/www/cuba-laravel/vendor/laravel/framework/src/Illuminate/Database/Seeder.php(184): Illuminate/Container/Container->call(Array, Array)
#19 C:/laragon/www/cuba-laravel/vendor/laravel/framework/src/Illuminate/Database/Seeder.php(193): Illuminate/Database/Seeder->Illuminate/Database/{closure}()
#20 C:/laragon/www/cuba-laravel/vendor/laravel/framework/src/Illuminate/Database/Console/Seeds/SeedCommand.php(71): Illuminate/Database/Seeder->__invoke()
#21 C:/laragon/www/cuba-laravel/vendor/laravel/framework/src/Illuminate/Database/Eloquent/Concerns/GuardsAttributes.php(157): Illuminate/Database/Console/Seeds/SeedCommand->Illuminate/Database/Console/Seeds/{closure}()
#22 C:/laragon/www/cuba-laravel/vendor/laravel/framework/src/Illuminate/Database/Console/Seeds/SeedCommand.php(70): Illuminate/Database/Eloquent/Model::unguarded(Object(Closure))
#23 C:/laragon/www/cuba-laravel/vendor/laravel/framework/src/Illuminate/Container/BoundMethod.php(36): Illuminate/Database/Console/Seeds/SeedCommand->handle()
#24 C:/laragon/www/cuba-laravel/vendor/laravel/framework/src/Illuminate/Container/Util.php(43): Illuminate/Container/BoundMethod::Illuminate/Container/{closure}()
#25 C:/laragon/www/cuba-laravel/vendor/laravel/framework/src/Illuminate/Container/BoundMethod.php(96): Illuminate/Container/Util::unwrapIfClosure(Object(Closure))
#26 C:/laragon/www/cuba-laravel/vendor/laravel/framework/src/Illuminate/Container/BoundMethod.php(35): Illuminate/Container/BoundMethod::callBoundMethod(Object(Illuminate/Foundation/Application), Array, Object(Closure))
#27 C:/laragon/www/cuba-laravel/vendor/laravel/framework/src/Illuminate/Container/Container.php(799): Illuminate/Container/BoundMethod::call(Object(Illuminate/Foundation/Application), Array, Array, NULL)
#28 C:/laragon/www/cuba-laravel/vendor/laravel/framework/src/Illuminate/Console/Command.php(211): Illuminate/Container/Container->call(Array)
#29 C:/laragon/www/cuba-laravel/vendor/symfony/console/Command/Command.php(341): Illuminate/Console/Command->execute(Object(Symfony/Component/Console/Input/ArgvInput), Object(Illuminate/Console/OutputStyle))
#30 C:/laragon/www/cuba-laravel/vendor/laravel/framework/src/Illuminate/Console/Command.php(180): Symfony/Component/Console/Command/Command->run(Object(Symfony/Component/Console/Input/ArgvInput), Object(Illuminate/Console/OutputStyle))
#31 C:/laragon/www/cuba-laravel/vendor/symfony/console/Application.php(1117): Illuminate/Console/Command->run(Object(Symfony/Component/Console/Input/ArgvInput), Object(Symfony/Component/Console/Output/ConsoleOutput))
#32 C:/laragon/www/cuba-laravel/vendor/symfony/console/Application.php(356): Symfony/Component/Console/Application->doRunCommand(Object(Illuminate/Database/Console/Seeds/SeedCommand), Object(Symfony/Component/Console/Input/ArgvInput), Object(Symfony/Component/Console/Output/ConsoleOutput))
#33 C:/laragon/www/cuba-laravel/vendor/symfony/console/Application.php(195): Symfony/Component/Console/Application->doRun(Object(Symfony/Component/Console/Input/ArgvInput), Object(Symfony/Component/Console/Output/ConsoleOutput))
#34 C:/laragon/www/cuba-laravel/vendor/laravel/framework/src/Illuminate/Foundation/Console/Kernel.php(198): Symfony/Component/Console/Application->run(Object(Symfony/Component/Console/Input/ArgvInput), Object(Symfony/Component/Console/Output/ConsoleOutput))
#35 C:/laragon/www/cuba-laravel/vendor/laravel/framework/src/Illuminate/Foundation/Application.php(1235): Illuminate/Foundation/Console/Kernel->handle(Object(Symfony/Component/Console/Input/ArgvInput), Object(Symfony/Component/Console/Output/ConsoleOutput))
#36 C:/laragon/www/cuba-laravel/artisan(13): Illuminate/Foundation/Application->handleCommand(Object(Symfony/Component/Console/Input/ArgvInput))
#37 {main}

[previous exception] [object] (PDOException(code: 22001): SQLSTATE[22001]: String data, right truncated: 1406 Data too long for column 'calling_code' at row 1 at C:/laragon/www/cuba-laravel/vendor/laravel/framework/src/Illuminate/Database/MySqlConnection.php:53)
[stacktrace]
#0 C:/laragon/www/cuba-laravel/vendor/laravel/framework/src/Illuminate/Database/MySqlConnection.php(53): PDOStatement->execute()
#1 C:/laragon/www/cuba-laravel/vendor/laravel/framework/src/Illuminate/Database/Connection.php(827): Illuminate/Database/MySqlConnection->Illuminate/Database/{closure}('insert into `co...', Array)
#2 C:/laragon/www/cuba-laravel/vendor/laravel/framework/src/Illuminate/Database/Connection.php(794): Illuminate/Database/Connection->runQueryCallback('insert into `co...', Array, Object(Closure))
#3 C:/laragon/www/cuba-laravel/vendor/laravel/framework/src/Illuminate/Database/MySqlConnection.php(42): Illuminate/Database/Connection->run('insert into `co...', Array, Object(Closure))
#4 C:/laragon/www/cuba-laravel/vendor/laravel/framework/src/Illuminate/Database/Query/Builder.php(4121): Illuminate/Database/MySqlConnection->insert('insert into `co...', Array)
#5 C:/laragon/www/cuba-laravel/database/seeders/CountriesSeeder.php(21): Illuminate/Database/Query/Builder->insert(Array)
#6 C:/laragon/www/cuba-laravel/vendor/laravel/framework/src/Illuminate/Container/BoundMethod.php(36): Database/Seeders/CountriesSeeder->run()
#7 C:/laragon/www/cuba-laravel/vendor/laravel/framework/src/Illuminate/Container/Util.php(43): Illuminate/Container/BoundMethod::Illuminate/Container/{closure}()
#8 C:/laragon/www/cuba-laravel/vendor/laravel/framework/src/Illuminate/Container/BoundMethod.php(96): Illuminate/Container/Util::unwrapIfClosure(Object(Closure))
#9 C:/laragon/www/cuba-laravel/vendor/laravel/framework/src/Illuminate/Container/BoundMethod.php(35): Illuminate/Container/BoundMethod::callBoundMethod(Object(Illuminate/Foundation/Application), Array, Object(Closure))
#10 C:/laragon/www/cuba-laravel/vendor/laravel/framework/src/Illuminate/Container/Container.php(799): Illuminate/Container/BoundMethod::call(Object(Illuminate/Foundation/Application), Array, Array, NULL)
#11 C:/laragon/www/cuba-laravel/vendor/laravel/framework/src/Illuminate/Database/Seeder.php(184): Illuminate/Container/Container->call(Array, Array)
#12 C:/laragon/www/cuba-laravel/vendor/laravel/framework/src/Illuminate/Database/Seeder.php(193): Illuminate/Database/Seeder->Illuminate/Database/{closure}()
#13 C:/laragon/www/cuba-laravel/vendor/laravel/framework/src/Illuminate/Database/Seeder.php(59): Illuminate/Database/Seeder->__invoke(Array)
#14 C:/laragon/www/cuba-laravel/database/seeders/DatabaseSeeder.php(17): Illuminate/Database/Seeder->call('Database//Seeder...')
#15 C:/laragon/www/cuba-laravel/vendor/laravel/framework/src/Illuminate/Container/BoundMethod.php(36): Database/Seeders/DatabaseSeeder->run()
#16 C:/laragon/www/cuba-laravel/vendor/laravel/framework/src/Illuminate/Container/Util.php(43): Illuminate/Container/BoundMethod::Illuminate/Container/{closure}()
#17 C:/laragon/www/cuba-laravel/vendor/laravel/framework/src/Illuminate/Container/BoundMethod.php(96): Illuminate/Container/Util::unwrapIfClosure(Object(Closure))
#18 C:/laragon/www/cuba-laravel/vendor/laravel/framework/src/Illuminate/Container/BoundMethod.php(35): Illuminate/Container/BoundMethod::callBoundMethod(Object(Illuminate/Foundation/Application), Array, Object(Closure))
#19 C:/laragon/www/cuba-laravel/vendor/laravel/framework/src/Illuminate/Container/Container.php(799): Illuminate/Container/BoundMethod::call(Object(Illuminate/Foundation/Application), Array, Array, NULL)
#20 C:/laragon/www/cuba-laravel/vendor/laravel/framework/src/Illuminate/Database/Seeder.php(184): Illuminate/Container/Container->call(Array, Array)
#21 C:/laragon/www/cuba-laravel/vendor/laravel/framework/src/Illuminate/Database/Seeder.php(193): Illuminate/Database/Seeder->Illuminate/Database/{closure}()
#22 C:/laragon/www/cuba-laravel/vendor/laravel/framework/src/Illuminate/Database/Console/Seeds/SeedCommand.php(71): Illuminate/Database/Seeder->__invoke()
#23 C:/laragon/www/cuba-laravel/vendor/laravel/framework/src/Illuminate/Database/Eloquent/Concerns/GuardsAttributes.php(157): Illuminate/Database/Console/Seeds/SeedCommand->Illuminate/Database/Console/Seeds/{closure}()
#24 C:/laragon/www/cuba-laravel/vendor/laravel/framework/src/Illuminate/Database/Console/Seeds/SeedCommand.php(70): Illuminate/Database/Eloquent/Model::unguarded(Object(Closure))
#25 C:/laragon/www/cuba-laravel/vendor/laravel/framework/src/Illuminate/Container/BoundMethod.php(36): Illuminate/Database/Console/Seeds/SeedCommand->handle()
#26 C:/laragon/www/cuba-laravel/vendor/laravel/framework/src/Illuminate/Container/Util.php(43): Illuminate/Container/BoundMethod::Illuminate/Container/{closure}()
#27 C:/laragon/www/cuba-laravel/vendor/laravel/framework/src/Illuminate/Container/BoundMethod.php(96): Illuminate/Container/Util::unwrapIfClosure(Object(Closure))
#28 C:/laragon/www/cuba-laravel/vendor/laravel/framework/src/Illuminate/Container/BoundMethod.php(35): Illuminate/Container/BoundMethod::callBoundMethod(Object(Illuminate/Foundation/Application), Array, Object(Closure))
#29 C:/laragon/www/cuba-laravel/vendor/laravel/framework/src/Illuminate/Container/Container.php(799): Illuminate/Container/BoundMethod::call(Object(Illuminate/Foundation/Application), Array, Array, NULL)
#30 C:/laragon/www/cuba-laravel/vendor/laravel/framework/src/Illuminate/Console/Command.php(211): Illuminate/Container/Container->call(Array)
#31 C:/laragon/www/cuba-laravel/vendor/symfony/console/Command/Command.php(341): Illuminate/Console/Command->execute(Object(Symfony/Component/Console/Input/ArgvInput), Object(Illuminate/Console/OutputStyle))
#32 C:/laragon/www/cuba-laravel/vendor/laravel/framework/src/Illuminate/Console/Command.php(180): Symfony/Component/Console/Command/Command->run(Object(Symfony/Component/Console/Input/ArgvInput), Object(Illuminate/Console/OutputStyle))
#33 C:/laragon/www/cuba-laravel/vendor/symfony/console/Application.php(1117): Illuminate/Console/Command->run(Object(Symfony/Component/Console/Input/ArgvInput), Object(Symfony/Component/Console/Output/ConsoleOutput))
#34 C:/laragon/www/cuba-laravel/vendor/symfony/console/Application.php(356): Symfony/Component/Console/Application->doRunCommand(Object(Illuminate/Database/Console/Seeds/SeedCommand), Object(Symfony/Component/Console/Input/ArgvInput), Object(Symfony/Component/Console/Output/ConsoleOutput))
#35 C:/laragon/www/cuba-laravel/vendor/symfony/console/Application.php(195): Symfony/Component/Console/Application->doRun(Object(Symfony/Component/Console/Input/ArgvInput), Object(Symfony/Component/Console/Output/ConsoleOutput))
#36 C:/laragon/www/cuba-laravel/vendor/laravel/framework/src/Illuminate/Foundation/Console/Kernel.php(198): Symfony/Component/Console/Application->run(Object(Symfony/Component/Console/Input/ArgvInput), Object(Symfony/Component/Console/Output/ConsoleOutput))
#37 C:/laragon/www/cuba-laravel/vendor/laravel/framework/src/Illuminate/Foundation/Application.php(1235): Illuminate/Foundation/Console/Kernel->handle(Object(Symfony/Component/Console/Input/ArgvInput), Object(Symfony/Component/Console/Output/ConsoleOutput))
#38 C:/laragon/www/cuba-laravel/artisan(13): Illuminate/Foundation/Application->handleCommand(Object(Symfony/Component/Console/Input/ArgvInput))
#39 {main}
"} 
[2026-10-04 07:32:50] local.ERROR: SQLSTATE[22001]: String data, right truncated: 1406 Data too long for column 'currency_symbol' at row 1 (Connection: mysql, Host: 127.0.0.1, Port: 3306, Database: db_healthhome, SQL: insert into `countries` (`name`, `currency`, `currency_symbol`, `currency_code`, `iso_3166_2`, `iso_3166_3`, `calling_code`, `flag`) values (Central African Republic, ?, FCFA, XAF, CF, CAF, 236, 🇨🇫)) {"exception":"[object] (Illuminate\\Database\\QueryException(code: 22001): SQLSTATE[22001]: String data, right truncated: 1406 Data too long for column 'currency_symbol' at row 1 (Connection: mysql, Host: 127.0.0.1, Port: 3306, Database: db_healthhome, SQL: insert into `countries` (`name`, `currency`, `currency_symbol`, `currency_code`, `iso_3166_2`, `iso_3166_3`, `calling_code`, `flag`) values (Central African Republic, ?, FCFA, XAF, CF, CAF, 236, 🇨🇫)) at C:/laragon/www/cuba-laravel/vendor/laravel/framework/src/Illuminate/Database/Connection.php:838)
[stacktrace]
#0 C:/laragon/www/cuba-laravel/vendor/laravel/framework/src/Illuminate/Database/Connection.php(794): Illuminate/Database/Connection->runQueryCallback('insert into `co...', Array, Object(Closure))
#1 C:/laragon/www/cuba-laravel/vendor/laravel/framework/src/Illuminate/Database/MySqlConnection.php(42): Illuminate/Database/Connection->run('insert into `co...', Array, Object(Closure))
#2 C:/laragon/www/cuba-laravel/vendor/laravel/framework/src/Illuminate/Database/Query/Builder.php(4121): Illuminate/Database/MySqlConnection->insert('insert into `co...', Array)
#3 C:/laragon/www/cuba-laravel/database/seeders/CountriesSeeder.php(21): Illuminate/Database/Query/Builder->insert(Array)
#4 C:/laragon/www/cuba-laravel/vendor/laravel/framework/src/Illuminate/Container/BoundMethod.php(36): Database/Seeders/CountriesSeeder->run()
#5 C:/laragon/www/cuba-laravel/vendor/laravel/framework/src/Illuminate/Container/Util.php(43): Illuminate/Container/BoundMethod::Illuminate/Container/{closure}()
#6 C:/laragon/www/cuba-laravel/vendor/laravel/framework/src/Illuminate/Container/BoundMethod.php(96): Illuminate/Container/Util::unwrapIfClosure(Object(Closure))
#7 C:/laragon/www/cuba-laravel/vendor/laravel/framework/src/Illuminate/Container/BoundMethod.php(35): Illuminate/Container/BoundMethod::callBoundMethod(Object(Illuminate/Foundation/Application), Array, Object(Closure))
#8 C:/laragon/www/cuba-laravel/vendor/laravel/framework/src/Illuminate/Container/Container.php(799): Illuminate/Container/BoundMethod::call(Object(Illuminate/Foundation/Application), Array, Array, NULL)
#9 C:/laragon/www/cuba-laravel/vendor/laravel/framework/src/Illuminate/Database/Seeder.php(184): Illuminate/Container/Container->call(Array, Array)
#10 C:/laragon/www/cuba-laravel/vendor/laravel/framework/src/Illuminate/Database/Seeder.php(193): Illuminate/Database/Seeder->Illuminate/Database/{closure}()
#11 C:/laragon/www/cuba-laravel/vendor/laravel/framework/src/Illuminate/Database/Seeder.php(59): Illuminate/Database/Seeder->__invoke(Array)
#12 C:/laragon/www/cuba-laravel/database/seeders/DatabaseSeeder.php(17): Illuminate/Database/Seeder->call('Database//Seeder...')
#13 C:/laragon/www/cuba-laravel/vendor/laravel/framework/src/Illuminate/Container/BoundMethod.php(36): Database/Seeders/DatabaseSeeder->run()
#14 C:/laragon/www/cuba-laravel/vendor/laravel/framework/src/Illuminate/Container/Util.php(43): Illuminate/Container/BoundMethod::Illuminate/Container/{closure}()
#15 C:/laragon/www/cuba-laravel/vendor/laravel/framework/src/Illuminate/Container/BoundMethod.php(96): Illuminate/Container/Util::unwrapIfClosure(Object(Closure))
#16 C:/laragon/www/cuba-laravel/vendor/laravel/framework/src/Illuminate/Container/BoundMethod.php(35): Illuminate/Container/BoundMethod::callBoundMethod(Object(Illuminate/Foundation/Application), Array, Object(Closure))
#17 C:/laragon/www/cuba-laravel/vendor/laravel/framework/src/Illuminate/Container/Container.php(799): Illuminate/Container/BoundMethod::call(Object(Illuminate/Foundation/Application), Array, Array, NULL)
#18 C:/laragon/www/cuba-laravel/vendor/laravel/framework/src/Illuminate/Database/Seeder.php(184): Illuminate/Container/Container->call(Array, Array)
#19 C:/laragon/www/cuba-laravel/vendor/laravel/framework/src/Illuminate/Database/Seeder.php(193): Illuminate/Database/Seeder->Illuminate/Database/{closure}()
#20 C:/laragon/www/cuba-laravel/vendor/laravel/framework/src/Illuminate/Database/Console/Seeds/SeedCommand.php(71): Illuminate/Database/Seeder->__invoke()
#21 C:/laragon/www/cuba-laravel/vendor/laravel/framework/src/Illuminate/Database/Eloquent/Concerns/GuardsAttributes.php(157): Illuminate/Database/Console/Seeds/SeedCommand->Illuminate/Database/Console/Seeds/{closure}()
#22 C:/laragon/www/cuba-laravel/vendor/laravel/framework/src/Illuminate/Database/Console/Seeds/SeedCommand.php(70): Illuminate/Database/Eloquent/Model::unguarded(Object(Closure))
#23 C:/laragon/www/cuba-laravel/vendor/laravel/framework/src/Illuminate/Container/BoundMethod.php(36): Illuminate/Database/Console/Seeds/SeedCommand->handle()
#24 C:/laragon/www/cuba-laravel/vendor/laravel/framework/src/Illuminate/Container/Util.php(43): Illuminate/Container/BoundMethod::Illuminate/Container/{closure}()
#25 C:/laragon/www/cuba-laravel/vendor/laravel/framework/src/Illuminate/Container/BoundMethod.php(96): Illuminate/Container/Util::unwrapIfClosure(Object(Closure))
#26 C:/laragon/www/cuba-laravel/vendor/laravel/framework/src/Illuminate/Container/BoundMethod.php(35): Illuminate/Container/BoundMethod::callBoundMethod(Object(Illuminate/Foundation/Application), Array, Object(Closure))
#27 C:/laragon/www/cuba-laravel/vendor/laravel/framework/src/Illuminate/Container/Container.php(799): Illuminate/Container/BoundMethod::call(Object(Illuminate/Foundation/Application), Array, Array, NULL)
#28 C:/laragon/www/cuba-laravel/vendor/laravel/framework/src/Illuminate/Console/Command.php(211): Illuminate/Container/Container->call(Array)
#29 C:/laragon/www/cuba-laravel/vendor/symfony/console/Command/Command.php(341): Illuminate/Console/Command->execute(Object(Symfony/Component/Console/Input/ArgvInput), Object(Illuminate/Console/OutputStyle))
#30 C:/laragon/www/cuba-laravel/vendor/laravel/framework/src/Illuminate/Console/Command.php(180): Symfony/Component/Console/Command/Command->run(Object(Symfony/Component/Console/Input/ArgvInput), Object(Illuminate/Console/OutputStyle))
#31 C:/laragon/www/cuba-laravel/vendor/symfony/console/Application.php(1117): Illuminate/Console/Command->run(Object(Symfony/Component/Console/Input/ArgvInput), Object(Symfony/Component/Console/Output/ConsoleOutput))
#32 C:/laragon/www/cuba-laravel/vendor/symfony/console/Application.php(356): Symfony/Component/Console/Application->doRunCommand(Object(Illuminate/Database/Console/Seeds/SeedCommand), Object(Symfony/Component/Console/Input/ArgvInput), Object(Symfony/Component/Console/Output/ConsoleOutput))
#33 C:/laragon/www/cuba-laravel/vendor/symfony/console/Application.php(195): Symfony/Component/Console/Application->doRun(Object(Symfony/Component/Console/Input/ArgvInput), Object(Symfony/Component/Console/Output/ConsoleOutput))
#34 C:/laragon/www/cuba-laravel/vendor/laravel/framework/src/Illuminate/Foundation/Console/Kernel.php(198): Symfony/Component/Console/Application->run(Object(Symfony/Component/Console/Input/ArgvInput), Object(Symfony/Component/Console/Output/ConsoleOutput))
#35 C:/laragon/www/cuba-laravel/vendor/laravel/framework/src/Illuminate/Foundation/Application.php(1235): Illuminate/Foundation/Console/Kernel->handle(Object(Symfony/Component/Console/Input/ArgvInput), Object(Symfony/Component/Console/Output/ConsoleOutput))
#36 C:/laragon/www/cuba-laravel/artisan(13): Illuminate/Foundation/Application->handleCommand(Object(Symfony/Component/Console/Input/ArgvInput))
#37 {main}

[previous exception] [object] (PDOException(code: 22001): SQLSTATE[22001]: String data, right truncated: 1406 Data too long for column 'currency_symbol' at row 1 at C:/laragon/www/cuba-laravel/vendor/laravel/framework/src/Illuminate/Database/MySqlConnection.php:53)
[stacktrace]
#0 C:/laragon/www/cuba-laravel/vendor/laravel/framework/src/Illuminate/Database/MySqlConnection.php(53): PDOStatement->execute()
#1 C:/laragon/www/cuba-laravel/vendor/laravel/framework/src/Illuminate/Database/Connection.php(827): Illuminate/Database/MySqlConnection->Illuminate/Database/{closure}('insert into `co...', Array)
#2 C:/laragon/www/cuba-laravel/vendor/laravel/framework/src/Illuminate/Database/Connection.php(794): Illuminate/Database/Connection->runQueryCallback('insert into `co...', Array, Object(Closure))
#3 C:/laragon/www/cuba-laravel/vendor/laravel/framework/src/Illuminate/Database/MySqlConnection.php(42): Illuminate/Database/Connection->run('insert into `co...', Array, Object(Closure))
#4 C:/laragon/www/cuba-laravel/vendor/laravel/framework/src/Illuminate/Database/Query/Builder.php(4121): Illuminate/Database/MySqlConnection->insert('insert into `co...', Array)
#5 C:/laragon/www/cuba-laravel/database/seeders/CountriesSeeder.php(21): Illuminate/Database/Query/Builder->insert(Array)
#6 C:/laragon/www/cuba-laravel/vendor/laravel/framework/src/Illuminate/Container/BoundMethod.php(36): Database/Seeders/CountriesSeeder->run()
#7 C:/laragon/www/cuba-laravel/vendor/laravel/framework/src/Illuminate/Container/Util.php(43): Illuminate/Container/BoundMethod::Illuminate/Container/{closure}()
#8 C:/laragon/www/cuba-laravel/vendor/laravel/framework/src/Illuminate/Container/BoundMethod.php(96): Illuminate/Container/Util::unwrapIfClosure(Object(Closure))
#9 C:/laragon/www/cuba-laravel/vendor/laravel/framework/src/Illuminate/Container/BoundMethod.php(35): Illuminate/Container/BoundMethod::callBoundMethod(Object(Illuminate/Foundation/Application), Array, Object(Closure))
#10 C:/laragon/www/cuba-laravel/vendor/laravel/framework/src/Illuminate/Container/Container.php(799): Illuminate/Container/BoundMethod::call(Object(Illuminate/Foundation/Application), Array, Array, NULL)
#11 C:/laragon/www/cuba-laravel/vendor/laravel/framework/src/Illuminate/Database/Seeder.php(184): Illuminate/Container/Container->call(Array, Array)
#12 C:/laragon/www/cuba-laravel/vendor/laravel/framework/src/Illuminate/Database/Seeder.php(193): Illuminate/Database/Seeder->Illuminate/Database/{closure}()
#13 C:/laragon/www/cuba-laravel/vendor/laravel/framework/src/Illuminate/Database/Seeder.php(59): Illuminate/Database/Seeder->__invoke(Array)
#14 C:/laragon/www/cuba-laravel/database/seeders/DatabaseSeeder.php(17): Illuminate/Database/Seeder->call('Database//Seeder...')
#15 C:/laragon/www/cuba-laravel/vendor/laravel/framework/src/Illuminate/Container/BoundMethod.php(36): Database/Seeders/DatabaseSeeder->run()
#16 C:/laragon/www/cuba-laravel/vendor/laravel/framework/src/Illuminate/Container/Util.php(43): Illuminate/Container/BoundMethod::Illuminate/Container/{closure}()
#17 C:/laragon/www/cuba-laravel/vendor/laravel/framework/src/Illuminate/Container/BoundMethod.php(96): Illuminate/Container/Util::unwrapIfClosure(Object(Closure))
#18 C:/laragon/www/cuba-laravel/vendor/laravel/framework/src/Illuminate/Container/BoundMethod.php(35): Illuminate/Container/BoundMethod::callBoundMethod(Object(Illuminate/Foundation/Application), Array, Object(Closure))
#19 C:/laragon/www/cuba-laravel/vendor/laravel/framework/src/Illuminate/Container/Container.php(799): Illuminate/Container/BoundMethod::call(Object(Illuminate/Foundation/Application), Array, Array, NULL)
#20 C:/laragon/www/cuba-laravel/vendor/laravel/framework/src/Illuminate/Database/Seeder.php(184): Illuminate/Container/Container->call(Array, Array)
#21 C:/laragon/www/cuba-laravel/vendor/laravel/framework/src/Illuminate/Database/Seeder.php(193): Illuminate/Database/Seeder->Illuminate/Database/{closure}()
#22 C:/laragon/www/cuba-laravel/vendor/laravel/framework/src/Illuminate/Database/Console/Seeds/SeedCommand.php(71): Illuminate/Database/Seeder->__invoke()
#23 C:/laragon/www/cuba-laravel/vendor/laravel/framework/src/Illuminate/Database/Eloquent/Concerns/GuardsAttributes.php(157): Illuminate/Database/Console/Seeds/SeedCommand->Illuminate/Database/Console/Seeds/{closure}()
#24 C:/laragon/www/cuba-laravel/vendor/laravel/framework/src/Illuminate/Database/Console/Seeds/SeedCommand.php(70): Illuminate/Database/Eloquent/Model::unguarded(Object(Closure))
#25 C:/laragon/www/cuba-laravel/vendor/laravel/framework/src/Illuminate/Container/BoundMethod.php(36): Illuminate/Database/Console/Seeds/SeedCommand->handle()
#26 C:/laragon/www/cuba-laravel/vendor/laravel/framework/src/Illuminate/Container/Util.php(43): Illuminate/Container/BoundMethod::Illuminate/Container/{closure}()
#27 C:/laragon/www/cuba-laravel/vendor/laravel/framework/src/Illuminate/Container/BoundMethod.php(96): Illuminate/Container/Util::unwrapIfClosure(Object(Closure))
#28 C:/laragon/www/cuba-laravel/vendor/laravel/framework/src/Illuminate/Container/BoundMethod.php(35): Illuminate/Container/BoundMethod::callBoundMethod(Object(Illuminate/Foundation/Application), Array, Object(Closure))
#29 C:/laragon/www/cuba-laravel/vendor/laravel/framework/src/Illuminate/Container/Container.php(799): Illuminate/Container/BoundMethod::call(Object(Illuminate/Foundation/Application), Array, Array, NULL)
#30 C:/laragon/www/cuba-laravel/vendor/laravel/framework/src/Illuminate/Console/Command.php(211): Illuminate/Container/Container->call(Array)
#31 C:/laragon/www/cuba-laravel/vendor/symfony/console/Command/Command.php(341): Illuminate/Console/Command->execute(Object(Symfony/Component/Console/Input/ArgvInput), Object(Illuminate/Console/OutputStyle))
#32 C:/laragon/www/cuba-laravel/vendor/laravel/framework/src/Illuminate/Console/Command.php(180): Symfony/Component/Console/Command/Command->run(Object(Symfony/Component/Console/Input/ArgvInput), Object(Illuminate/Console/OutputStyle))
#33 C:/laragon/www/cuba-laravel/vendor/symfony/console/Application.php(1117): Illuminate/Console/Command->run(Object(Symfony/Component/Console/Input/ArgvInput), Object(Symfony/Component/Console/Output/ConsoleOutput))
#34 C:/laragon/www/cuba-laravel/vendor/symfony/console/Application.php(356): Symfony/Component/Console/Application->doRunCommand(Object(Illuminate/Database/Console/Seeds/SeedCommand), Object(Symfony/Component/Console/Input/ArgvInput), Object(Symfony/Component/Console/Output/ConsoleOutput))
#35 C:/laragon/www/cuba-laravel/vendor/symfony/console/Application.php(195): Symfony/Component/Console/Application->doRun(Object(Symfony/Component/Console/Input/ArgvInput), Object(Symfony/Component/Console/Output/ConsoleOutput))
#36 C:/laragon/www/cuba-laravel/vendor/laravel/framework/src/Illuminate/Foundation/Console/Kernel.php(198): Symfony/Component/Console/Application->run(Object(Symfony/Component/Console/Input/ArgvInput), Object(Symfony/Component/Console/Output/ConsoleOutput))
#37 C:/laragon/www/cuba-laravel/vendor/laravel/framework/src/Illuminate/Foundation/Application.php(1235): Illuminate/Foundation/Console/Kernel->handle(Object(Symfony/Component/Console/Input/ArgvInput), Object(Symfony/Component/Console/Output/ConsoleOutput))
#38 C:/laragon/www/cuba-laravel/artisan(13): Illuminate/Foundation/Application->handleCommand(Object(Symfony/Component/Console/Input/ArgvInput))
#39 {main}
"} 
[2026-10-04 07:33:10] local.ERROR: SQLSTATE[23000]: Integrity constraint violation: 1452 Cannot add or update a child row: a foreign key constraint fails (`db_healthhome`.`states`, CONSTRAINT `states_country_id_foreign` FOREIGN KEY (`country_id`) REFERENCES `countries` (`id`) ON DELETE CASCADE) (Connection: mysql, Host: 127.0.0.1, Port: 3306, Database: db_healthhome, SQL: insert into `states` (`name`, `country_id`, `updated_at`, `created_at`) values (Andaman and Nicobar Islands, 356, 2026-10-04 07:33:10, 2026-10-04 07:33:10)) {"exception":"[object] (Illuminate\\Database\\QueryException(code: 23000): SQLSTATE[23000]: Integrity constraint violation: 1452 Cannot add or update a child row: a foreign key constraint fails (`db_healthhome`.`states`, CONSTRAINT `states_country_id_foreign` FOREIGN KEY (`country_id`) REFERENCES `countries` (`id`) ON DELETE CASCADE) (Connection: mysql, Host: 127.0.0.1, Port: 3306, Database: db_healthhome, SQL: insert into `states` (`name`, `country_id`, `updated_at`, `created_at`) values (Andaman and Nicobar Islands, 356, 2026-10-04 07:33:10, 2026-10-04 07:33:10)) at C:/laragon/www/cuba-laravel/vendor/laravel/framework/src/Illuminate/Database/Connection.php:838)
[stacktrace]
#0 C:/laragon/www/cuba-laravel/vendor/laravel/framework/src/Illuminate/Database/Connection.php(794): Illuminate/Database/Connection->runQueryCallback('insert into `st...', Array, Object(Closure))
#1 C:/laragon/www/cuba-laravel/vendor/laravel/framework/src/Illuminate/Database/MySqlConnection.php(42): Illuminate/Database/Connection->run('insert into `st...', Array, Object(Closure))
#2 C:/laragon/www/cuba-laravel/vendor/laravel/framework/src/Illuminate/Database/Query/Processors/MySqlProcessor.php(35): Illuminate/Database/MySqlConnection->insert('insert into `st...', Array, 'id')
#3 C:/laragon/www/cuba-laravel/vendor/laravel/framework/src/Illuminate/Database/Query/Builder.php(4170): Illuminate/Database/Query/Processors/MySqlProcessor->processInsertGetId(Object(Illuminate/Database/Query/Builder), 'insert into `st...', Array, 'id')
#4 C:/laragon/www/cuba-laravel/vendor/laravel/framework/src/Illuminate/Database/Eloquent/Builder.php(2237): Illuminate/Database/Query/Builder->insertGetId(Array, 'id')
#5 C:/laragon/www/cuba-laravel/vendor/laravel/framework/src/Illuminate/Database/Eloquent/Model.php(1436): Illuminate/Database/Eloquent/Builder->__call('insertGetId', Array)
#6 C:/laragon/www/cuba-laravel/vendor/laravel/framework/src/Illuminate/Database/Eloquent/Model.php(1401): Illuminate/Database/Eloquent/Model->insertAndSetId(Object(Illuminate/Database/Eloquent/Builder), Array)
#7 C:/laragon/www/cuba-laravel/vendor/laravel/framework/src/Illuminate/Database/Eloquent/Model.php(1240): Illuminate/Database/Eloquent/Model->performInsert(Object(Illuminate/Database/Eloquent/Builder))
#8 C:/laragon/www/cuba-laravel/vendor/laravel/framework/src/Illuminate/Database/Eloquent/Builder.php(1219): Illuminate/Database/Eloquent/Model->save()
#9 C:/laragon/www/cuba-laravel/vendor/laravel/framework/src/Illuminate/Support/helpers.php(393): Illuminate/Database/Eloquent/Builder->Illuminate/Database/Eloquent/{closure}(Object(App/Models/State))
#10 C:/laragon/www/cuba-laravel/vendor/laravel/framework/src/Illuminate/Database/Eloquent/Builder.php(1218): tap(Object(App/Models/State), Object(Closure))
#11 C:/laragon/www/cuba-laravel/vendor/laravel/framework/src/Illuminate/Support/Traits/ForwardsCalls.php(23): Illuminate/Database/Eloquent/Builder->create(Array)
#12 C:/laragon/www/cuba-laravel/vendor/laravel/framework/src/Illuminate/Database/Eloquent/Model.php(2544): Illuminate/Database/Eloquent/Model->forwardCallTo(Object(Illuminate/Database/Eloquent/Builder), 'create', Array)
#13 C:/laragon/www/cuba-laravel/vendor/laravel/framework/src/Illuminate/Database/Eloquent/Model.php(2560): Illuminate/Database/Eloquent/Model->__call('create', Array)
#14 C:/laragon/www/cuba-laravel/database/seeders/StateSeeder.php(4083): Illuminate/Database/Eloquent/Model::__callStatic('create', Array)
#15 C:/laragon/www/cuba-laravel/vendor/laravel/framework/src/Illuminate/Container/BoundMethod.php(36): Database/Seeders/StateSeeder->run()
#16 C:/laragon/www/cuba-laravel/vendor/laravel/framework/src/Illuminate/Container/Util.php(43): Illuminate/Container/BoundMethod::Illuminate/Container/{closure}()
#17 C:/laragon/www/cuba-laravel/vendor/laravel/framework/src/Illuminate/Container/BoundMethod.php(96): Illuminate/Container/Util::unwrapIfClosure(Object(Closure))
#18 C:/laragon/www/cuba-laravel/vendor/laravel/framework/src/Illuminate/Container/BoundMethod.php(35): Illuminate/Container/BoundMethod::callBoundMethod(Object(Illuminate/Foundation/Application), Array, Object(Closure))
#19 C:/laragon/www/cuba-laravel/vendor/laravel/framework/src/Illuminate/Container/Container.php(799): Illuminate/Container/BoundMethod::call(Object(Illuminate/Foundation/Application), Array, Array, NULL)
#20 C:/laragon/www/cuba-laravel/vendor/laravel/framework/src/Illuminate/Database/Seeder.php(184): Illuminate/Container/Container->call(Array, Array)
#21 C:/laragon/www/cuba-laravel/vendor/laravel/framework/src/Illuminate/Database/Seeder.php(193): Illuminate/Database/Seeder->Illuminate/Database/{closure}()
#22 C:/laragon/www/cuba-laravel/vendor/laravel/framework/src/Illuminate/Database/Seeder.php(59): Illuminate/Database/Seeder->__invoke(Array)
#23 C:/laragon/www/cuba-laravel/database/seeders/DatabaseSeeder.php(18): Illuminate/Database/Seeder->call('Database//Seeder...')
#24 C:/laragon/www/cuba-laravel/vendor/laravel/framework/src/Illuminate/Container/BoundMethod.php(36): Database/Seeders/DatabaseSeeder->run()
#25 C:/laragon/www/cuba-laravel/vendor/laravel/framework/src/Illuminate/Container/Util.php(43): Illuminate/Container/BoundMethod::Illuminate/Container/{closure}()
#26 C:/laragon/www/cuba-laravel/vendor/laravel/framework/src/Illuminate/Container/BoundMethod.php(96): Illuminate/Container/Util::unwrapIfClosure(Object(Closure))
#27 C:/laragon/www/cuba-laravel/vendor/laravel/framework/src/Illuminate/Container/BoundMethod.php(35): Illuminate/Container/BoundMethod::callBoundMethod(Object(Illuminate/Foundation/Application), Array, Object(Closure))
#28 C:/laragon/www/cuba-laravel/vendor/laravel/framework/src/Illuminate/Container/Container.php(799): Illuminate/Container/BoundMethod::call(Object(Illuminate/Foundation/Application), Array, Array, NULL)
#29 C:/laragon/www/cuba-laravel/vendor/laravel/framework/src/Illuminate/Database/Seeder.php(184): Illuminate/Container/Container->call(Array, Array)
#30 C:/laragon/www/cuba-laravel/vendor/laravel/framework/src/Illuminate/Database/Seeder.php(193): Illuminate/Database/Seeder->Illuminate/Database/{closure}()
#31 C:/laragon/www/cuba-laravel/vendor/laravel/framework/src/Illuminate/Database/Console/Seeds/SeedCommand.php(71): Illuminate/Database/Seeder->__invoke()
#32 C:/laragon/www/cuba-laravel/vendor/laravel/framework/src/Illuminate/Database/Eloquent/Concerns/GuardsAttributes.php(157): Illuminate/Database/Console/Seeds/SeedCommand->Illuminate/Database/Console/Seeds/{closure}()
#33 C:/laragon/www/cuba-laravel/vendor/laravel/framework/src/Illuminate/Database/Console/Seeds/SeedCommand.php(70): Illuminate/Database/Eloquent/Model::unguarded(Object(Closure))
#34 C:/laragon/www/cuba-laravel/vendor/laravel/framework/src/Illuminate/Container/BoundMethod.php(36): Illuminate/Database/Console/Seeds/SeedCommand->handle()
#35 C:/laragon/www/cuba-laravel/vendor/laravel/framework/src/Illuminate/Container/Util.php(43): Illuminate/Container/BoundMethod::Illuminate/Container/{closure}()
#36 C:/laragon/www/cuba-laravel/vendor/laravel/framework/src/Illuminate/Container/BoundMethod.php(96): Illuminate/Container/Util::unwrapIfClosure(Object(Closure))
#37 C:/laragon/www/cuba-laravel/vendor/laravel/framework/src/Illuminate/Container/BoundMethod.php(35): Illuminate/Container/BoundMethod::callBoundMethod(Object(Illuminate/Foundation/Application), Array, Object(Closure))
#38 C:/laragon/www/cuba-laravel/vendor/laravel/framework/src/Illuminate/Container/Container.php(799): Illuminate/Container/BoundMethod::call(Object(Illuminate/Foundation/Application), Array, Array, NULL)
#39 C:/laragon/www/cuba-laravel/vendor/laravel/framework/src/Illuminate/Console/Command.php(211): Illuminate/Container/Container->call(Array)
#40 C:/laragon/www/cuba-laravel/vendor/symfony/console/Command/Command.php(341): Illuminate/Console/Command->execute(Object(Symfony/Component/Console/Input/ArgvInput), Object(Illuminate/Console/OutputStyle))
#41 C:/laragon/www/cuba-laravel/vendor/laravel/framework/src/Illuminate/Console/Command.php(180): Symfony/Component/Console/Command/Command->run(Object(Symfony/Component/Console/Input/ArgvInput), Object(Illuminate/Console/OutputStyle))
#42 C:/laragon/www/cuba-laravel/vendor/symfony/console/Application.php(1117): Illuminate/Console/Command->run(Object(Symfony/Component/Console/Input/ArgvInput), Object(Symfony/Component/Console/Output/ConsoleOutput))
#43 C:/laragon/www/cuba-laravel/vendor/symfony/console/Application.php(356): Symfony/Component/Console/Application->doRunCommand(Object(Illuminate/Database/Console/Seeds/SeedCommand), Object(Symfony/Component/Console/Input/ArgvInput), Object(Symfony/Component/Console/Output/ConsoleOutput))
#44 C:/laragon/www/cuba-laravel/vendor/symfony/console/Application.php(195): Symfony/Component/Console/Application->doRun(Object(Symfony/Component/Console/Input/ArgvInput), Object(Symfony/Component/Console/Output/ConsoleOutput))
#45 C:/laragon/www/cuba-laravel/vendor/laravel/framework/src/Illuminate/Foundation/Console/Kernel.php(198): Symfony/Component/Console/Application->run(Object(Symfony/Component/Console/Input/ArgvInput), Object(Symfony/Component/Console/Output/ConsoleOutput))
#46 C:/laragon/www/cuba-laravel/vendor/laravel/framework/src/Illuminate/Foundation/Application.php(1235): Illuminate/Foundation/Console/Kernel->handle(Object(Symfony/Component/Console/Input/ArgvInput), Object(Symfony/Component/Console/Output/ConsoleOutput))
#47 C:/laragon/www/cuba-laravel/artisan(13): Illuminate/Foundation/Application->handleCommand(Object(Symfony/Component/Console/Input/ArgvInput))
#48 {main}

[previous exception] [object] (PDOException(code: 23000): SQLSTATE[23000]: Integrity constraint violation: 1452 Cannot add or update a child row: a foreign key constraint fails (`db_healthhome`.`states`, CONSTRAINT `states_country_id_foreign` FOREIGN KEY (`country_id`) REFERENCES `countries` (`id`) ON DELETE CASCADE) at C:/laragon/www/cuba-laravel/vendor/laravel/framework/src/Illuminate/Database/MySqlConnection.php:53)
[stacktrace]
#0 C:/laragon/www/cuba-laravel/vendor/laravel/framework/src/Illuminate/Database/MySqlConnection.php(53): PDOStatement->execute()
#1 C:/laragon/www/cuba-laravel/vendor/laravel/framework/src/Illuminate/Database/Connection.php(827): Illuminate/Database/MySqlConnection->Illuminate/Database/{closure}('insert into `st...', Array)
#2 C:/laragon/www/cuba-laravel/vendor/laravel/framework/src/Illuminate/Database/Connection.php(794): Illuminate/Database/Connection->runQueryCallback('insert into `st...', Array, Object(Closure))
#3 C:/laragon/www/cuba-laravel/vendor/laravel/framework/src/Illuminate/Database/MySqlConnection.php(42): Illuminate/Database/Connection->run('insert into `st...', Array, Object(Closure))
#4 C:/laragon/www/cuba-laravel/vendor/laravel/framework/src/Illuminate/Database/Query/Processors/MySqlProcessor.php(35): Illuminate/Database/MySqlConnection->insert('insert into `st...', Array, 'id')
#5 C:/laragon/www/cuba-laravel/vendor/laravel/framework/src/Illuminate/Database/Query/Builder.php(4170): Illuminate/Database/Query/Processors/MySqlProcessor->processInsertGetId(Object(Illuminate/Database/Query/Builder), 'insert into `st...', Array, 'id')
#6 C:/laragon/www/cuba-laravel/vendor/laravel/framework/src/Illuminate/Database/Eloquent/Builder.php(2237): Illuminate/Database/Query/Builder->insertGetId(Array, 'id')
#7 C:/laragon/www/cuba-laravel/vendor/laravel/framework/src/Illuminate/Database/Eloquent/Model.php(1436): Illuminate/Database/Eloquent/Builder->__call('insertGetId', Array)
#8 C:/laragon/www/cuba-laravel/vendor/laravel/framework/src/Illuminate/Database/Eloquent/Model.php(1401): Illuminate/Database/Eloquent/Model->insertAndSetId(Object(Illuminate/Database/Eloquent/Builder), Array)
#9 C:/laragon/www/cuba-laravel/vendor/laravel/framework/src/Illuminate/Database/Eloquent/Model.php(1240): Illuminate/Database/Eloquent/Model->performInsert(Object(Illuminate/Database/Eloquent/Builder))
#10 C:/laragon/www/cuba-laravel/vendor/laravel/framework/src/Illuminate/Database/Eloquent/Builder.php(1219): Illuminate/Database/Eloquent/Model->save()
#11 C:/laragon/www/cuba-laravel/vendor/laravel/framework/src/Illuminate/Support/helpers.php(393): Illuminate/Database/Eloquent/Builder->Illuminate/Database/Eloquent/{closure}(Object(App/Models/State))
#12 C:/laragon/www/cuba-laravel/vendor/laravel/framework/src/Illuminate/Database/Eloquent/Builder.php(1218): tap(Object(App/Models/State), Object(Closure))
#13 C:/laragon/www/cuba-laravel/vendor/laravel/framework/src/Illuminate/Support/Traits/ForwardsCalls.php(23): Illuminate/Database/Eloquent/Builder->create(Array)
#14 C:/laragon/www/cuba-laravel/vendor/laravel/framework/src/Illuminate/Database/Eloquent/Model.php(2544): Illuminate/Database/Eloquent/Model->forwardCallTo(Object(Illuminate/Database/Eloquent/Builder), 'create', Array)
#15 C:/laragon/www/cuba-laravel/vendor/laravel/framework/src/Illuminate/Database/Eloquent/Model.php(2560): Illuminate/Database/Eloquent/Model->__call('create', Array)
#16 C:/laragon/www/cuba-laravel/database/seeders/StateSeeder.php(4083): Illuminate/Database/Eloquent/Model::__callStatic('create', Array)
#17 C:/laragon/www/cuba-laravel/vendor/laravel/framework/src/Illuminate/Container/BoundMethod.php(36): Database/Seeders/StateSeeder->run()
#18 C:/laragon/www/cuba-laravel/vendor/laravel/framework/src/Illuminate/Container/Util.php(43): Illuminate/Container/BoundMethod::Illuminate/Container/{closure}()
#19 C:/laragon/www/cuba-laravel/vendor/laravel/framework/src/Illuminate/Container/BoundMethod.php(96): Illuminate/Container/Util::unwrapIfClosure(Object(Closure))
#20 C:/laragon/www/cuba-laravel/vendor/laravel/framework/src/Illuminate/Container/BoundMethod.php(35): Illuminate/Container/BoundMethod::callBoundMethod(Object(Illuminate/Foundation/Application), Array, Object(Closure))
#21 C:/laragon/www/cuba-laravel/vendor/laravel/framework/src/Illuminate/Container/Container.php(799): Illuminate/Container/BoundMethod::call(Object(Illuminate/Foundation/Application), Array, Array, NULL)
#22 C:/laragon/www/cuba-laravel/vendor/laravel/framework/src/Illuminate/Database/Seeder.php(184): Illuminate/Container/Container->call(Array, Array)
#23 C:/laragon/www/cuba-laravel/vendor/laravel/framework/src/Illuminate/Database/Seeder.php(193): Illuminate/Database/Seeder->Illuminate/Database/{closure}()
#24 C:/laragon/www/cuba-laravel/vendor/laravel/framework/src/Illuminate/Database/Seeder.php(59): Illuminate/Database/Seeder->__invoke(Array)
#25 C:/laragon/www/cuba-laravel/database/seeders/DatabaseSeeder.php(18): Illuminate/Database/Seeder->call('Database//Seeder...')
#26 C:/laragon/www/cuba-laravel/vendor/laravel/framework/src/Illuminate/Container/BoundMethod.php(36): Database/Seeders/DatabaseSeeder->run()
#27 C:/laragon/www/cuba-laravel/vendor/laravel/framework/src/Illuminate/Container/Util.php(43): Illuminate/Container/BoundMethod::Illuminate/Container/{closure}()
#28 C:/laragon/www/cuba-laravel/vendor/laravel/framework/src/Illuminate/Container/BoundMethod.php(96): Illuminate/Container/Util::unwrapIfClosure(Object(Closure))
#29 C:/laragon/www/cuba-laravel/vendor/laravel/framework/src/Illuminate/Container/BoundMethod.php(35): Illuminate/Container/BoundMethod::callBoundMethod(Object(Illuminate/Foundation/Application), Array, Object(Closure))
#30 C:/laragon/www/cuba-laravel/vendor/laravel/framework/src/Illuminate/Container/Container.php(799): Illuminate/Container/BoundMethod::call(Object(Illuminate/Foundation/Application), Array, Array, NULL)
#31 C:/laragon/www/cuba-laravel/vendor/laravel/framework/src/Illuminate/Database/Seeder.php(184): Illuminate/Container/Container->call(Array, Array)
#32 C:/laragon/www/cuba-laravel/vendor/laravel/framework/src/Illuminate/Database/Seeder.php(193): Illuminate/Database/Seeder->Illuminate/Database/{closure}()
#33 C:/laragon/www/cuba-laravel/vendor/laravel/framework/src/Illuminate/Database/Console/Seeds/SeedCommand.php(71): Illuminate/Database/Seeder->__invoke()
#34 C:/laragon/www/cuba-laravel/vendor/laravel/framework/src/Illuminate/Database/Eloquent/Concerns/GuardsAttributes.php(157): Illuminate/Database/Console/Seeds/SeedCommand->Illuminate/Database/Console/Seeds/{closure}()
#35 C:/laragon/www/cuba-laravel/vendor/laravel/framework/src/Illuminate/Database/Console/Seeds/SeedCommand.php(70): Illuminate/Database/Eloquent/Model::unguarded(Object(Closure))
#36 C:/laragon/www/cuba-laravel/vendor/laravel/framework/src/Illuminate/Container/BoundMethod.php(36): Illuminate/Database/Console/Seeds/SeedCommand->handle()
#37 C:/laragon/www/cuba-laravel/vendor/laravel/framework/src/Illuminate/Container/Util.php(43): Illuminate/Container/BoundMethod::Illuminate/Container/{closure}()
#38 C:/laragon/www/cuba-laravel/vendor/laravel/framework/src/Illuminate/Container/BoundMethod.php(96): Illuminate/Container/Util::unwrapIfClosure(Object(Closure))
#39 C:/laragon/www/cuba-laravel/vendor/laravel/framework/src/Illuminate/Container/BoundMethod.php(35): Illuminate/Container/BoundMethod::callBoundMethod(Object(Illuminate/Foundation/Application), Array, Object(Closure))
#40 C:/laragon/www/cuba-laravel/vendor/laravel/framework/src/Illuminate/Container/Container.php(799): Illuminate/Container/BoundMethod::call(Object(Illuminate/Foundation/Application), Array, Array, NULL)
#41 C:/laragon/www/cuba-laravel/vendor/laravel/framework/src/Illuminate/Console/Command.php(211): Illuminate/Container/Container->call(Array)
#42 C:/laragon/www/cuba-laravel/vendor/symfony/console/Command/Command.php(341): Illuminate/Console/Command->execute(Object(Symfony/Component/Console/Input/ArgvInput), Object(Illuminate/Console/OutputStyle))
#43 C:/laragon/www/cuba-laravel/vendor/laravel/framework/src/Illuminate/Console/Command.php(180): Symfony/Component/Console/Command/Command->run(Object(Symfony/Component/Console/Input/ArgvInput), Object(Illuminate/Console/OutputStyle))
#44 C:/laragon/www/cuba-laravel/vendor/symfony/console/Application.php(1117): Illuminate/Console/Command->run(Object(Symfony/Component/Console/Input/ArgvInput), Object(Symfony/Component/Console/Output/ConsoleOutput))
#45 C:/laragon/www/cuba-laravel/vendor/symfony/console/Application.php(356): Symfony/Component/Console/Application->doRunCommand(Object(Illuminate/Database/Console/Seeds/SeedCommand), Object(Symfony/Component/Console/Input/ArgvInput), Object(Symfony/Component/Console/Output/ConsoleOutput))
#46 C:/laragon/www/cuba-laravel/vendor/symfony/console/Application.php(195): Symfony/Component/Console/Application->doRun(Object(Symfony/Component/Console/Input/ArgvInput), Object(Symfony/Component/Console/Output/ConsoleOutput))
#47 C:/laragon/www/cuba-laravel/vendor/laravel/framework/src/Illuminate/Foundation/Console/Kernel.php(198): Symfony/Component/Console/Application->run(Object(Symfony/Component/Console/Input/ArgvInput), Object(Symfony/Component/Console/Output/ConsoleOutput))
#48 C:/laragon/www/cuba-laravel/vendor/laravel/framework/src/Illuminate/Foundation/Application.php(1235): Illuminate/Foundation/Console/Kernel->handle(Object(Symfony/Component/Console/Input/ArgvInput), Object(Symfony/Component/Console/Output/ConsoleOutput))
#49 C:/laragon/www/cuba-laravel/artisan(13): Illuminate/Foundation/Application->handleCommand(Object(Symfony/Component/Console/Input/ArgvInput))
#50 {main}
"} 
[2026-10-04 07:39:06] local.ERROR: Command "storage:lick" is not defined.

Did you mean one of these?
    storage:link
    storage:unlink {"exception":"[object] (Symfony\\Component\\Console\\Exception\\CommandNotFoundException(code: 0): Command \"storage:lick\" is not defined.

Did you mean one of these?
    storage:link
    storage:unlink at C:/laragon/www/cuba-laravel/vendor/symfony/console/Application.php:759)
[stacktrace]
#0 C:/laragon/www/cuba-laravel/vendor/symfony/console/Application.php(298): Symfony/Component/Console/Application->find('storage:lick')
#1 C:/laragon/www/cuba-laravel/vendor/symfony/console/Application.php(195): Symfony/Component/Console/Application->doRun(Object(Symfony/Component/Console/Input/ArgvInput), Object(Symfony/Component/Console/Output/ConsoleOutput))
#2 C:/laragon/www/cuba-laravel/vendor/laravel/framework/src/Illuminate/Foundation/Console/Kernel.php(198): Symfony/Component/Console/Application->run(Object(Symfony/Component/Console/Input/ArgvInput), Object(Symfony/Component/Console/Output/ConsoleOutput))
#3 C:/laragon/www/cuba-laravel/vendor/laravel/framework/src/Illuminate/Foundation/Application.php(1235): Illuminate/Foundation/Console/Kernel->handle(Object(Symfony/Component/Console/Input/ArgvInput), Object(Symfony/Component/Console/Output/ConsoleOutput))
#4 C:/laragon/www/cuba-laravel/artisan(13): Illuminate/Foundation/Application->handleCommand(Object(Symfony/Component/Console/Input/ArgvInput))
#5 {main}
"} 
[2026-10-04 07:41:35] local.ERROR: rename(C:\laragon\www\cuba-laravel\storage\framework\views\4e897B4.tmp,C:\laragon\www\cuba-laravel\storage\framework\views/4e831cf188d19c04d675344380725959.php): Acceso denegado (code: 5) {"exception":"[object] (ErrorException(code: 0): rename(C:\\laragon\\www\\cuba-laravel\\storage\\framework\\views\\4e897B4.tmp,C:\\laragon\\www\\cuba-laravel\\storage\\framework\\views/4e831cf188d19c04d675344380725959.php): Acceso denegado (code: 5) at C:/laragon/www/cuba-laravel/vendor/laravel/framework/src/Illuminate/Filesystem/Filesystem.php:233)
[stacktrace]
#0 C:/laragon/www/cuba-laravel/vendor/laravel/framework/src/Illuminate/Foundation/Bootstrap/HandleExceptions.php(262): Illuminate/Foundation/Bootstrap/HandleExceptions->handleError(2, 'rename(C://larag...', 'C://laragon//www//...', 233)
#1 [internal function]: Illuminate/Foundation/Bootstrap/HandleExceptions->Illuminate/Foundation/Bootstrap/{closure}(2, 'rename(C://larag...', 'C://laragon//www//...', 233)
#2 C:/laragon/www/cuba-laravel/vendor/laravel/framework/src/Illuminate/Filesystem/Filesystem.php(233): rename('C://laragon//www//...', 'C://laragon//www//...')
#3 C:/laragon/www/cuba-laravel/vendor/laravel/framework/src/Illuminate/View/Compilers/BladeCompiler.php(199): Illuminate/Filesystem/Filesystem->replace('C://laragon//www//...', '<?php $__env->s...')
#4 C:/laragon/www/cuba-laravel/vendor/laravel/framework/src/Illuminate/View/Engines/CompilerEngine.php(68): Illuminate/View/Compilers/BladeCompiler->compile('C://laragon//www//...')
#5 C:/laragon/www/cuba-laravel/vendor/livewire/livewire/src/Mechanisms/ExtendBlade/ExtendedCompilerEngine.php(10): Illuminate/View/Engines/CompilerEngine->get('C://laragon//www//...', Array)
#6 C:/laragon/www/cuba-laravel/vendor/laravel/framework/src/Illuminate/View/View.php(208): Livewire/Mechanisms/ExtendBlade/ExtendedCompilerEngine->get('C://laragon//www//...', Array)
#7 C:/laragon/www/cuba-laravel/vendor/laravel/framework/src/Illuminate/View/View.php(191): Illuminate/View/View->getContents()
#8 C:/laragon/www/cuba-laravel/vendor/laravel/framework/src/Illuminate/View/View.php(160): Illuminate/View/View->renderContents()
#9 C:/laragon/www/cuba-laravel/vendor/laravel/framework/src/Illuminate/Http/Response.php(78): Illuminate/View/View->render()
#10 C:/laragon/www/cuba-laravel/vendor/laravel/framework/src/Illuminate/Http/Response.php(34): Illuminate/Http/Response->setContent(Object(Illuminate/View/View))
#11 C:/laragon/www/cuba-laravel/vendor/laravel/framework/src/Illuminate/Routing/ResponseFactory.php(61): Illuminate/Http/Response->__construct(Object(Illuminate/View/View), 404, Array)
#12 C:/laragon/www/cuba-laravel/vendor/laravel/framework/src/Illuminate/Routing/ResponseFactory.php(91): Illuminate/Routing/ResponseFactory->make(Object(Illuminate/View/View), 404, Array)
#13 C:/laragon/www/cuba-laravel/vendor/laravel/framework/src/Illuminate/Foundation/Exceptions/Handler.php(926): Illuminate/Routing/ResponseFactory->view('errors::404', Array, 404, Array)
#14 C:/laragon/www/cuba-laravel/vendor/laravel/framework/src/Illuminate/Foundation/Exceptions/Handler.php(847): Illuminate/Foundation/Exceptions/Handler->renderHttpException(Object(Symfony/Component/HttpKernel/Exception/NotFoundHttpException))
#15 C:/laragon/www/cuba-laravel/vendor/laravel/framework/src/Illuminate/Foundation/Exceptions/Handler.php(738): Illuminate/Foundation/Exceptions/Handler->prepareResponse(Object(Illuminate/Http/Request), Object(Symfony/Component/HttpKernel/Exception/NotFoundHttpException))
#16 C:/laragon/www/cuba-laravel/vendor/laravel/framework/src/Illuminate/Foundation/Exceptions/Handler.php(626): Illuminate/Foundation/Exceptions/Handler->renderExceptionResponse(Object(Illuminate/Http/Request), Object(Symfony/Component/HttpKernel/Exception/NotFoundHttpException))
#17 C:/laragon/www/cuba-laravel/vendor/laravel/framework/src/Illuminate/Routing/Pipeline.php(51): Illuminate/Foundation/Exceptions/Handler->render(Object(Illuminate/Http/Request), Object(Symfony/Component/HttpKernel/Exception/NotFoundHttpException))
#18 C:/laragon/www/cuba-laravel/vendor/laravel/framework/src/Illuminate/Pipeline/Pipeline.php(182): Illuminate/Routing/Pipeline->handleException(Object(Illuminate/Http/Request), Object(Symfony/Component/HttpKernel/Exception/NotFoundHttpException))
#19 C:/laragon/www/cuba-laravel/vendor/livewire/livewire/src/Features/SupportDisablingBackButtonCache/DisableBackButtonCacheMiddleware.php(19): Illuminate/Pipeline/Pipeline->Illuminate/Pipeline/{closure}(Object(Illuminate/Http/Request))
#20 C:/laragon/www/cuba-laravel/vendor/laravel/framework/src/Illuminate/Pipeline/Pipeline.php(219): Livewire/Features/SupportDisablingBackButtonCache/DisableBackButtonCacheMiddleware->handle(Object(Illuminate/Http/Request), Object(Closure))
#21 C:/laragon/www/cuba-laravel/vendor/laravel/framework/src/Illuminate/Foundation/Http/Middleware/TransformsRequest.php(21): Illuminate/Pipeline/Pipeline->Illuminate/Pipeline/{closure}(Object(Illuminate/Http/Request))
#22 C:/laragon/www/cuba-laravel/vendor/laravel/framework/src/Illuminate/Foundation/Http/Middleware/ConvertEmptyStringsToNull.php(31): Illuminate/Foundation/Http/Middleware/TransformsRequest->handle(Object(Illuminate/Http/Request), Object(Closure))
#23 C:/laragon/www/cuba-laravel/vendor/laravel/framework/src/Illuminate/Pipeline/Pipeline.php(219): Illuminate/Foundation/Http/Middleware/ConvertEmptyStringsToNull->handle(Object(Illuminate/Http/Request), Object(Closure))
#24 C:/laragon/www/cuba-laravel/vendor/laravel/framework/src/Illuminate/Foundation/Http/Middleware/TransformsRequest.php(21): Illuminate/Pipeline/Pipeline->Illuminate/Pipeline/{closure}(Object(Illuminate/Http/Request))
#25 C:/laragon/www/cuba-laravel/vendor/laravel/framework/src/Illuminate/Foundation/Http/Middleware/TrimStrings.php(51): Illuminate/Foundation/Http/Middleware/TransformsRequest->handle(Object(Illuminate/Http/Request), Object(Closure))
#26 C:/laragon/www/cuba-laravel/vendor/laravel/framework/src/Illuminate/Pipeline/Pipeline.php(219): Illuminate/Foundation/Http/Middleware/TrimStrings->handle(Object(Illuminate/Http/Request), Object(Closure))
#27 C:/laragon/www/cuba-laravel/vendor/laravel/framework/src/Illuminate/Http/Middleware/ValidatePostSize.php(27): Illuminate/Pipeline/Pipeline->Illuminate/Pipeline/{closure}(Object(Illuminate/Http/Request))
#28 C:/laragon/www/cuba-laravel/vendor/laravel/framework/src/Illuminate/Pipeline/Pipeline.php(219): Illuminate/Http/Middleware/ValidatePostSize->handle(Object(Illuminate/Http/Request), Object(Closure))
#29 C:/laragon/www/cuba-laravel/vendor/laravel/framework/src/Illuminate/Foundation/Http/Middleware/PreventRequestsDuringMaintenance.php(109): Illuminate/Pipeline/Pipeline->Illuminate/Pipeline/{closure}(Object(Illuminate/Http/Request))
#30 C:/laragon/www/cuba-laravel/vendor/laravel/framework/src/Illuminate/Pipeline/Pipeline.php(219): Illuminate/Foundation/Http/Middleware/PreventRequestsDuringMaintenance->handle(Object(Illuminate/Http/Request), Object(Closure))
#31 C:/laragon/www/cuba-laravel/vendor/laravel/framework/src/Illuminate/Http/Middleware/HandleCors.php(61): Illuminate/Pipeline/Pipeline->Illuminate/Pipeline/{closure}(Object(Illuminate/Http/Request))
#32 C:/laragon/www/cuba-laravel/vendor/laravel/framework/src/Illuminate/Pipeline/Pipeline.php(219): Illuminate/Http/Middleware/HandleCors->handle(Object(Illuminate/Http/Request), Object(Closure))
#33 C:/laragon/www/cuba-laravel/vendor/laravel/framework/src/Illuminate/Http/Middleware/TrustProxies.php(58): Illuminate/Pipeline/Pipeline->Illuminate/Pipeline/{closure}(Object(Illuminate/Http/Request))
#34 C:/laragon/www/cuba-laravel/vendor/laravel/framework/src/Illuminate/Pipeline/Pipeline.php(219): Illuminate/Http/Middleware/TrustProxies->handle(Object(Illuminate/Http/Request), Object(Closure))
#35 C:/laragon/www/cuba-laravel/vendor/laravel/framework/src/Illuminate/Foundation/Http/Middleware/InvokeDeferredCallbacks.php(22): Illuminate/Pipeline/Pipeline->Illuminate/Pipeline/{closure}(Object(Illuminate/Http/Request))
#36 C:/laragon/www/cuba-laravel/vendor/laravel/framework/src/Illuminate/Pipeline/Pipeline.php(219): Illuminate/Foundation/Http/Middleware/InvokeDeferredCallbacks->handle(Object(Illuminate/Http/Request), Object(Closure))
#37 C:/laragon/www/cuba-laravel/vendor/laravel/framework/src/Illuminate/Http/Middleware/ValidatePathEncoding.php(26): Illuminate/Pipeline/Pipeline->Illuminate/Pipeline/{closure}(Object(Illuminate/Http/Request))
#38 C:/laragon/www/cuba-laravel/vendor/laravel/framework/src/Illuminate/Pipeline/Pipeline.php(219): Illuminate/Http/Middleware/ValidatePathEncoding->handle(Object(Illuminate/Http/Request), Object(Closure))
#39 C:/laragon/www/cuba-laravel/vendor/laravel/framework/src/Illuminate/Pipeline/Pipeline.php(137): Illuminate/Pipeline/Pipeline->Illuminate/Pipeline/{closure}(Object(Illuminate/Http/Request))
#40 C:/laragon/www/cuba-laravel/vendor/laravel/framework/src/Illuminate/Foundation/Http/Kernel.php(175): Illuminate/Pipeline/Pipeline->then(Object(Closure))
#41 C:/laragon/www/cuba-laravel/vendor/laravel/framework/src/Illuminate/Foundation/Http/Kernel.php(144): Illuminate/Foundation/Http/Kernel->sendRequestThroughRouter(Object(Illuminate/Http/Request))
#42 C:/laragon/www/cuba-laravel/vendor/laravel/framework/src/Illuminate/Foundation/Application.php(1220): Illuminate/Foundation/Http/Kernel->handle(Object(Illuminate/Http/Request))
#43 C:/laragon/www/cuba-laravel/public/index.php(17): Illuminate/Foundation/Application->handleRequest(Object(Illuminate/Http/Request))
#44 {main}
"} 
